transportation_name_PTE. ILLIA (LACARRA),9.43689570931383e-16
transportation_name_POLA,9.43689570931383e-16
transportation_name_NTRA. SRA. DE FÃTIMA,9.43689570931383e-16
transportation_name_NICOLÃS DESCALZI,9.43689570931383e-16
transportation_name_MARIANO ACOSTA (BO. R. CARRILLO),9.43689570931383e-16
transportation_name_INTENDENTE SAGUIER,9.43689570931383e-16
transportation_name_FERNANDEZ DE LA CRUZ,9.43689570931383e-16
transportation_name_ESCALADA,9.43689570931383e-16
transportation_name_CECILIA GRIERSON,9.43689570931383e-16
transportation_name_BALBASTRO (CEMENTERIO DE FLORES),9.43689570931383e-16
transportation_name_ANA MARÃA JANER,9.43689570931383e-16
transportation_object_premetro station,9.43689570931383e-16
transportation_id_18,9.43689570931383e-16
transportation_id_17,9.43689570931383e-16
transportation_id_15,9.43689570931383e-16
transportation_id_11,9.43689570931383e-16
transportation_id_8,9.43689570931383e-16
transportation_id_7,9.43689570931383e-16
transportation_id_5,9.43689570931383e-16
transportation_id_4,9.43689570931383e-16
transportation_id_3,9.43689570931383e-16
transportation_id_2,9.43689570931383e-16
transportation_id_1,9.43689570931383e-16
sports_comune_15,9.43689570931383e-16
sports_comune_14,9.43689570931383e-16
sports_comune_13,9.43689570931383e-16
sports_comune_12,9.43689570931383e-16
sports_comune_11,9.43689570931383e-16
sports_comune_10,9.43689570931383e-16
sports_comune_9,9.43689570931383e-16
sports_comune_8,9.43689570931383e-16
sports_comune_7,9.43689570931383e-16
sports_comune_6,9.43689570931383e-16
sports_comune_5,9.43689570931383e-16
sports_comune_4,9.43689570931383e-16
sports_comune_3,9.43689570931383e-16
sports_comune_2,9.43689570931383e-16
sports_comune_1,9.43689570931383e-16
sports_name_UniÃ³n de Rugby Buenos Aires,9.43689570931383e-16
sports_name_TomÃ¡s Adolfo DucÃ³,9.43689570931383e-16
sports_name_SARMIENTO,9.43689570931383e-16
sports_name_SANTOJANNI,9.43689570931383e-16
sports_name_RepÃºblica de Mataderos,9.43689570931383e-16
sports_name_Polo Circo,9.43689570931383e-16
sports_name_Plazoleta Roffo,9.43689570931383e-16
sports_name_Plazoleta Maimonides,9.43689570931383e-16
sports_name_Plaza Paseo de las Americas,9.43689570931383e-16
sports_name_Plaza Las Toscaneras,9.43689570931383e-16
sports_name_Plaza HaitÃ­,9.43689570931383e-16
sports_name_Plaza Alberdi,9.43689570931383e-16
sports_name_Pedro Bidegain,9.43689570931383e-16
sports_name_Paseo del Riachuelo,9.43689570931383e-16
sports_name_Parque Centenario,9.43689570931383e-16
sports_name_POMAR,9.43689570931383e-16
sports_name_PEREYRA,9.43689570931383e-16
sports_name_PATRICIOS,9.43689570931383e-16
sports_name_ONEGA,9.43689570931383e-16
sports_name_Monumental Antonio Vespucio Liberti,9.43689570931383e-16
sports_name_Microestadio River Plate,9.43689570931383e-16
sports_name_Microestadio Malvinas Argentinas,9.43689570931383e-16
sports_name_Microestadio Luis Conde,9.43689570931383e-16
sports_name_MARTIN FIERRO,9.43689570931383e-16
sports_name_MANUEL BELGRANO (ex KDT),9.43689570931383e-16
sports_name_Luna Park,9.43689570931383e-16
sports_name_Liga Metropolitana de Beisbol,9.43689570931383e-16
sports_name_Juan Pasquale,9.43689570931383e-16
sports_name_JosÃ© Amalfitani,9.43689570931383e-16
sports_name_JULIO A. ROCA,9.43689570931383e-16
sports_name_Hector Etchart,9.43689570931383e-16
sports_name_Guillermo Laza,9.43689570931383e-16
sports_name_GEBA (sede Jorge Newbery),9.43689570931383e-16
sports_name_FederaciÃ³n de Tenis de Mesa de la Ciudad de Buenos Aires,9.43689570931383e-16
sports_name_FederaciÃ³n de NataciÃ³n de Buenos Aires,9.43689570931383e-16
sports_name_FederaciÃ³n de Karate de la Ciudad de Buenos Aires,9.43689570931383e-16
sports_name_FederaciÃ³n de Esgrima de la Ciudad de Buenos Aires,9.43689570931383e-16
sports_name_FederaciÃ³n de Cestoball de Capital Federal,9.43689570931383e-16
sports_name_FederaciÃ³n Regional de Basquetbol de Capital Federal,9.43689570931383e-16
sports_name_FederaciÃ³n PorteÃ±a de PatÃ­n,9.43689570931383e-16
sports_name_FederaciÃ³n Metropolitana de Voley,9.43689570931383e-16
sports_name_FederaciÃ³n Metropolitana de Taekwondo,9.43689570931383e-16
sports_name_FederaciÃ³n Metropolitana de Judo,9.43689570931383e-16
sports_name_FederaciÃ³n Metropolitana de Gimnasia,9.43689570931383e-16
sports_name_FederaciÃ³n Metropolitana de Bowling,9.43689570931383e-16
sports_name_FederaciÃ³n Metropolitana de Billar,9.43689570931383e-16
sports_name_FederaciÃ³n Metropolitana de Balonmano,9.43689570931383e-16
sports_name_FederaciÃ³n Metropolitana de Arte Marcial Chino Wu Shu,9.43689570931383e-16
sports_name_FederaciÃ³n Metropolitana de  Pelota,9.43689570931383e-16
sports_name_FederaciÃ³n Atletica Metropolitana,9.43689570931383e-16
sports_name_FederaciÃ³n Argentina de Voleibol de Sordos,9.43689570931383e-16
sports_name_FederaciÃ³n Argentina de TriatlÃ³n,9.43689570931383e-16
sports_name_FederaciÃ³n Argentina de Tiro con Arco,9.43689570931383e-16
sports_name_FederaciÃ³n Argentina de Patinaje sobre Hielo,9.43689570931383e-16
sports_name_FederaciÃ³n Argentina de Netball,9.43689570931383e-16
sports_name_FederaciÃ³n Argentina de Futbol Silencioso,9.43689570931383e-16
sports_name_FederaciÃ³n Argentina de Deportes para personas con Discapacidad Mental,9.43689570931383e-16
sports_name_FederaciÃ³n Argentina de Centros Comunitarios Macabeos,9.43689570931383e-16
sports_name_FederaciÃ³n Argentina de Canoas,9.43689570931383e-16
sports_name_FederaciÃ³n Argentina de Bochas,9.43689570931383e-16
sports_name_Estadio Nueva EspaÃ±a,9.43689570931383e-16
sports_name_Estadio Mary TerÃ¡n de Weiss,9.43689570931383e-16
sports_name_Estadio Islas Malvinas,9.43689570931383e-16
sports_name_Estadio Enrique Sexto,9.43689570931383e-16
sports_name_Don LeÃ³n Kolbowsky,9.43689570931383e-16
sports_name_Diego Armando Maradona,9.43689570931383e-16
sports_name_DORREGO,9.43689570931383e-16
sports_name_DON PEPE,9.43689570931383e-16
sports_name_Coliseo del Bajo Belgrano,9.43689570931383e-16
sports_name_Club AtlÃ©tico Obras Sanitarias de la NaciÃ³n,9.43689570931383e-16
"sports_name_Claudio Chiqui"" TapiaÂ """,9.43689570931383e-16
sports_name_Cenard,9.43689570931383e-16
sports_name_COSTA RICA,9.43689570931383e-16
sports_name_COLEGIALES,9.43689570931383e-16
sports_name_CHACABUCO,9.43689570931383e-16
sports_name_CAMPO DE GOLF,9.43689570931383e-16
sports_name_Billoch Caride,9.43689570931383e-16
sports_name_AsociaciÃ³n de Patinadores Metropolitanos,9.43689570931383e-16
sports_name_AsociaciÃ³n Softbol de Buenos Aires,9.43689570931383e-16
sports_name_AsociaciÃ³n Metropolitana de Tenis Adaptado,9.43689570931383e-16
sports_name_AsociaciÃ³n Metropolitana de Squash,9.43689570931383e-16
sports_name_AsociaciÃ³n Metropolitana de Padel,9.43689570931383e-16
sports_name_AsociaciÃ³n Metropolitana de Futbol de SalÃ³n,9.43689570931383e-16
sports_name_AsociaciÃ³n Metropolitana de Ciclismo,9.43689570931383e-16
sports_name_AsociaciÃ³n Metropolitana de Cazadores y Tiradores con Arco,9.43689570931383e-16
sports_name_AsociaciÃ³n Metropolitana de Artes Marciales Chinas,9.43689570931383e-16
sports_name_AsociaciÃ³n Femenina Metropolitana de Basquet,9.43689570931383e-16
sports_name_AsociaciÃ³n Civil Escuela Metropolitana Hockey Sobre Hielo,9.43689570931383e-16
sports_name_AsociaciÃ³n Argentina de Tenis,9.43689570931383e-16
sports_name_AsociaciÃ³n Argentina de Remeros Aficionados,9.43689570931383e-16
sports_name_AsociaciÃ³n Amateur de Hockey sobre Cesped de Buenos Aires (A.A.H.B.A),9.43689570931383e-16
sports_name_Arquitecto Ricardo Etcheverri,9.43689570931383e-16
sports_name_Alfredo Ramos,9.43689570931383e-16
sports_name_Alberto J. Armando,9.43689570931383e-16
sports_name_AVELLANEDA,9.43689570931383e-16
"sports_name_""La Catedral del Polo""",9.43689570931383e-16
sports_object_sports federation,9.43689570931383e-16
sports_object_sports center,9.43689570931383e-16
public_wifi_comune_15.0,9.43689570931383e-16
public_wifi_comune_14.0,9.43689570931383e-16
public_wifi_comune_13.0,9.43689570931383e-16
public_wifi_comune_12.0,9.43689570931383e-16
public_wifi_comune_11.0,9.43689570931383e-16
public_wifi_comune_10.0,9.43689570931383e-16
public_wifi_comune_9.0,9.43689570931383e-16
public_wifi_comune_8.0,9.43689570931383e-16
public_wifi_comune_7.0,9.43689570931383e-16
public_wifi_comune_6.0,9.43689570931383e-16
public_wifi_comune_5.0,9.43689570931383e-16
public_wifi_comune_4.0,9.43689570931383e-16
public_wifi_comune_3.0,9.43689570931383e-16
public_wifi_comune_2.0,9.43689570931383e-16
public_wifi_comune_1.0,9.43689570931383e-16
public_wifi_name_Torre Monumental - Centro de Informes de Museos,9.43689570931383e-16
public_wifi_name_Terminal Combis Puerto Madero,9.43689570931383e-16
public_wifi_name_Templete Parque Patricios,9.43689570931383e-16
public_wifi_name_Teatro Sarmiento,9.43689570931383e-16
public_wifi_name_Teatro San MartÃ­n,9.43689570931383e-16
public_wifi_name_Teatro 25 de Mayo,9.43689570931383e-16
public_wifi_name_Subsede Comunal 9,9.43689570931383e-16
public_wifi_name_Subsede Comunal 7,9.43689570931383e-16
public_wifi_name_Subsede Comunal 6,9.43689570931383e-16
public_wifi_name_Subsede Comunal 5,9.43689570931383e-16
public_wifi_name_Subsede Comunal 3 RC,9.43689570931383e-16
public_wifi_name_Subsede Comunal 2 RC,9.43689570931383e-16
public_wifi_name_Subsede Comunal 2,9.43689570931383e-16
public_wifi_name_Subsede Comunal 11,9.43689570931383e-16
public_wifi_name_SubsecretarÃ­a Ciudad Inteligente,9.43689570931383e-16
public_wifi_name_SeÃ±alamiento Luminoso,9.43689570931383e-16
public_wifi_name_Servicio Social Zonal 5,9.43689570931383e-16
public_wifi_name_Servicio Social Zonal 3,9.43689570931383e-16
public_wifi_name_Servicio Social Zonal 2,9.43689570931383e-16
public_wifi_name_Servicio Social Zonal 15,9.43689570931383e-16
public_wifi_name_Servicio Social Zonal 14,9.43689570931383e-16
public_wifi_name_Servicio Social Zonal 13,9.43689570931383e-16
public_wifi_name_Servicio Social Zonal 12,9.43689570931383e-16
public_wifi_name_Servicio Social Zonal 11,9.43689570931383e-16
public_wifi_name_Sede de Comuna 9,9.43689570931383e-16
public_wifi_name_Sede de Comuna 7 RC,9.43689570931383e-16
public_wifi_name_Sede de Comuna 7,9.43689570931383e-16
public_wifi_name_Sede de Comuna 6 RC,9.43689570931383e-16
public_wifi_name_Sede de Comuna 6,9.43689570931383e-16
public_wifi_name_Sede de Comuna 5 RC,9.43689570931383e-16
public_wifi_name_Sede de Comuna 5,9.43689570931383e-16
public_wifi_name_Sede de Comuna 4,9.43689570931383e-16
public_wifi_name_Sede de Comuna 3,9.43689570931383e-16
public_wifi_name_Sede de Comuna 2,9.43689570931383e-16
public_wifi_name_Sede de Comuna 15 RC,9.43689570931383e-16
public_wifi_name_Sede de Comuna 15,9.43689570931383e-16
public_wifi_name_Sede de Comuna 14 RC,9.43689570931383e-16
public_wifi_name_Sede de Comuna 14,9.43689570931383e-16
public_wifi_name_Sede de Comuna 13 RC,9.43689570931383e-16
public_wifi_name_Sede de Comuna 13,9.43689570931383e-16
public_wifi_name_Sede de Comuna 12 RC,9.43689570931383e-16
public_wifi_name_Sede de Comuna 12,9.43689570931383e-16
public_wifi_name_Sede de Comuna 11 RC,9.43689570931383e-16
public_wifi_name_Sede de Comuna 11,9.43689570931383e-16
public_wifi_name_Sede de Comuna 10,9.43689570931383e-16
public_wifi_name_Sede de Comuna 1 - Ex Padelai,9.43689570931383e-16
public_wifi_name_Sede de Comuna 1,9.43689570931383e-16
public_wifi_name_Sede NIDO - Barrio Zavaleta,9.43689570931383e-16
public_wifi_name_SECHI Sede Barrio FÃ¡tima,9.43689570931383e-16
public_wifi_name_SECHI Plaza Carrillo,9.43689570931383e-16
public_wifi_name_SECHI PLAZA ROTONDA / ESPEJO,9.43689570931383e-16
public_wifi_name_SECHI Nidito,9.43689570931383e-16
public_wifi_name_SECHI Madre del Pueblo,9.43689570931383e-16
public_wifi_name_SECHI,9.43689570931383e-16
public_wifi_name_Reserva EcolÃ³gica Costanera Sur (SalÃ³n eventos y oficinas),9.43689570931383e-16
public_wifi_name_Reina Batata (Infantil),9.43689570931383e-16
public_wifi_name_Pza. Alvear / Pza. Francia,9.43689570931383e-16
public_wifi_name_Posta Digital - CMD,9.43689570931383e-16
public_wifi_name_Portal Inclusivo Villa15,9.43689570931383e-16
public_wifi_name_Portal Inclusivo Villa 31,9.43689570931383e-16
public_wifi_name_Portal Inclusivo Varela,9.43689570931383e-16
public_wifi_name_Portal Inclusivo Perito Moreno,9.43689570931383e-16
public_wifi_name_Portal Inclusivo Carrillo,9.43689570931383e-16
public_wifi_name_Portal Inclusivo Boulevard,9.43689570931383e-16
public_wifi_name_Polo Circo,9.43689570931383e-16
public_wifi_name_Polideportivo Santojanni,9.43689570931383e-16
public_wifi_name_Polideportivo Rivadavia,9.43689570931383e-16
public_wifi_name_Polideportivo Pomar,9.43689570931383e-16
public_wifi_name_Polideportivo Dorrego,9.43689570931383e-16
public_wifi_name_Polideportivo Colegiales,9.43689570931383e-16
public_wifi_name_Polideportivo Chacabuco,9.43689570931383e-16
public_wifi_name_Plazoleta Juan XXIII,9.43689570931383e-16
public_wifi_name_Plaza de los NiÃ±os,9.43689570931383e-16
public_wifi_name_Plaza de la Republica,9.43689570931383e-16
public_wifi_name_Plaza de la Paz,9.43689570931383e-16
public_wifi_name_Plaza Vaticano,9.43689570931383e-16
public_wifi_name_Plaza San MartÃ­n,9.43689570931383e-16
public_wifi_name_Plaza RamÃ³n FernÃ¡ndez,9.43689570931383e-16
public_wifi_name_Plaza NIDO Soldati,9.43689570931383e-16
public_wifi_name_Plaza Ledesma,9.43689570931383e-16
public_wifi_name_Plaza La Salle,9.43689570931383e-16
public_wifi_name_Plaza JosÃ© C. Paz,9.43689570931383e-16
public_wifi_name_Plaza Irlanda - Centro de Jubilados,9.43689570931383e-16
public_wifi_name_Plaza Irlanda,9.43689570931383e-16
public_wifi_name_Plaza Houssay,9.43689570931383e-16
public_wifi_name_Plaza Gral. Manuel Belgrano,9.43689570931383e-16
public_wifi_name_Plaza Don Bosco,9.43689570931383e-16
public_wifi_name_Plaza Copacabana,9.43689570931383e-16
public_wifi_name_Planetario - Torre Trasera Av Casares,9.43689570931383e-16
public_wifi_name_Planetario - Torre Frontal Av Roldan,9.43689570931383e-16
public_wifi_name_Planetario - Torre Der Av Sarmiento,9.43689570931383e-16
public_wifi_name_Planetario - Oficina,9.43689570931383e-16
public_wifi_name_Paseo de la Victoria,9.43689570931383e-16
public_wifi_name_Paseo de la Recoleta,9.43689570931383e-16
public_wifi_name_Paseo Comercial Once,9.43689570931383e-16
public_wifi_name_Pasaje Carlos Gardel,9.43689570931383e-16
"public_wifi_name_Parques y Plazas, Rosedal",9.43689570931383e-16
"public_wifi_name_Parques y Plazas, Plaza del Angel Gris",9.43689570931383e-16
"public_wifi_name_Parques y Plazas, Plaza VÃ©lez Sarsfield",9.43689570931383e-16
"public_wifi_name_Parques y Plazas, Plaza Villa Real",9.43689570931383e-16
"public_wifi_name_Parques y Plazas, Plaza Tte. Gral. Pablo Ricchieri",9.43689570931383e-16
"public_wifi_name_Parques y Plazas, Plaza Primero de Mayo",9.43689570931383e-16
"public_wifi_name_Parques y Plazas, Plaza Paseo de la Paz",9.43689570931383e-16
"public_wifi_name_Parques y Plazas, Plaza Parques Nacionales Argentinos",9.43689570931383e-16
"public_wifi_name_Parques y Plazas, Plaza MonseÃ±or FermÃ­n Lafitte",9.43689570931383e-16
"public_wifi_name_Parques y Plazas, Plaza MartÃ­n RodrÃ­guez",9.43689570931383e-16
"public_wifi_name_Parques y Plazas, Plaza Mariano Boedo",9.43689570931383e-16
"public_wifi_name_Parques y Plazas, Plaza Mafalda",9.43689570931383e-16
"public_wifi_name_Parques y Plazas, Plaza Juan JosÃ© Paso",9.43689570931383e-16
"public_wifi_name_Parques y Plazas, Plaza Ildefonso F. Cavagna MartÃ­nez 1",9.43689570931383e-16
"public_wifi_name_Parques y Plazas, Plaza GÃ¼emes",9.43689570931383e-16
"public_wifi_name_Parques y Plazas, Plaza Gral. Manuel Belgrano",9.43689570931383e-16
"public_wifi_name_Parques y Plazas, Plaza Gral. J. M. Zapiola",9.43689570931383e-16
"public_wifi_name_Parques y Plazas, Plaza FÃ©lix Lima",9.43689570931383e-16
"public_wifi_name_Parques y Plazas, Plaza El Maestro",9.43689570931383e-16
"public_wifi_name_Parques y Plazas, Plaza EjÃ©rcito de los Andes",9.43689570931383e-16
"public_wifi_name_Parques y Plazas, Plaza EcheverrÃ­a",9.43689570931383e-16
"public_wifi_name_Parques y Plazas, Plaza Cnel. RamÃ³n L. FalcÃ³n",9.43689570931383e-16
"public_wifi_name_Parques y Plazas, Plaza BenjamÃ­n VicuÃ±a Mackenna",9.43689570931383e-16
"public_wifi_name_Parques y Plazas, Plaza AristÃ³bulo del Valle 1",9.43689570931383e-16
"public_wifi_name_Parques y Plazas, Plaza Arenales 2",9.43689570931383e-16
"public_wifi_name_Parques y Plazas, Plaza Arenales 1",9.43689570931383e-16
"public_wifi_name_Parques y Plazas, Parque Rivadavia",9.43689570931383e-16
"public_wifi_name_Parques y Plazas, Parque Lezama",9.43689570931383e-16
"public_wifi_name_Parques y Plazas, Parque Derechos del Hombre",9.43689570931383e-16
"public_wifi_name_Parques y Plazas, Manzana CÃ­vica",9.43689570931383e-16
"public_wifi_name_Parques y Plazas, JardÃ­n BotÃ¡nico Carlos Thays",9.43689570931383e-16
public_wifi_name_Parque del Precinto 12 (Plaza HungrÃ­a),9.43689570931383e-16
public_wifi_name_Parque de los NiÃ±os,9.43689570931383e-16
public_wifi_name_Parque de la Ciudad,9.43689570931383e-16
public_wifi_name_Parque Uriburu,9.43689570931383e-16
public_wifi_name_Parque Sarmiento,9.43689570931383e-16
public_wifi_name_Parque Santojanni,9.43689570931383e-16
public_wifi_name_Parque Manuel Belgrano (ex KTD),9.43689570931383e-16
public_wifi_name_Parque Los Andes,9.43689570931383e-16
public_wifi_name_Parque EspaÃ±a,9.43689570931383e-16
public_wifi_name_Parque Chacabuco - ExtensiÃ³n,9.43689570931383e-16
public_wifi_name_Parque Chacabuco,9.43689570931383e-16
public_wifi_name_Parque Centenario - ExtensiÃ³n,9.43689570931383e-16
public_wifi_name_Parque Centenario,9.43689570931383e-16
public_wifi_name_Parque Avellaneda,9.43689570931383e-16
public_wifi_name_Nueva Sede GCBA (Recepciones PÃºblico),9.43689570931383e-16
public_wifi_name_Museo del Cine,9.43689570931383e-16
public_wifi_name_Museo de Esculturas Luis Perlotti,9.43689570931383e-16
public_wifi_name_Museo de Arte Moderno (MAMBA),9.43689570931383e-16
public_wifi_name_Museo SÃ­vori,9.43689570931383e-16
public_wifi_name_Museo Luis Perlotti,9.43689570931383e-16
public_wifi_name_Museo Larreta,9.43689570931383e-16
public_wifi_name_Museo JosÃ© HernÃ¡ndez,9.43689570931383e-16
public_wifi_name_Museo FernÃ¡ndez Blanco,9.43689570931383e-16
public_wifi_name_Museo Fernandez Blanco,9.43689570931383e-16
public_wifi_name_Museo Cornelio Saavedra,9.43689570931383e-16
public_wifi_name_Museo Carlos Gardel,9.43689570931383e-16
public_wifi_name_Ministerio de ModernizaciÃ³n,9.43689570931383e-16
public_wifi_name_Ministerio de EducaciÃ³n GCBA,9.43689570931383e-16
public_wifi_name_Ministerio de EducaciÃ³n,9.43689570931383e-16
public_wifi_name_Ministerio de Ambiente y Espacio PÃºblico,9.43689570931383e-16
public_wifi_name_Ministerio de Ambiente y Espacio Publico - JardÃ­n BotÃ¡nico,9.43689570931383e-16
public_wifi_name_Miguel CanÃ©,9.43689570931383e-16
"public_wifi_name_Metrobus Sur Roca, EstaciÃ³n Soldado de la Frontera",9.43689570931383e-16
"public_wifi_name_Metrobus Sur Roca, EstaciÃ³n La Rioja",9.43689570931383e-16
"public_wifi_name_Metrobus Sur Roca, EstaciÃ³n La Fuente",9.43689570931383e-16
"public_wifi_name_Metrobus Sur Roca, EstaciÃ³n Garrahan",9.43689570931383e-16
"public_wifi_name_Metrobus Sur Roca, EstaciÃ³n Entre Rios",9.43689570931383e-16
"public_wifi_name_Metrobus Sur Roca, EstaciÃ³n Berg",9.43689570931383e-16
"public_wifi_name_Metrobus Sur Fernandez de la Cruz, EstaciÃ³n Varela",9.43689570931383e-16
"public_wifi_name_Metrobus Sur Fernandez de la Cruz, EstaciÃ³n Pichincha",9.43689570931383e-16
"public_wifi_name_Metrobus Sur Fernandez de la Cruz, EstaciÃ³n La Rioja",9.43689570931383e-16
"public_wifi_name_Metrobus Sur Fernandez de la Cruz, EstaciÃ³n La Fuente",9.43689570931383e-16
"public_wifi_name_Metrobus Sur Fernandez de la Cruz, EstaciÃ³n Del Barco Centenera",9.43689570931383e-16
"public_wifi_name_Metrobus Sur Fernandez de la Cruz, EstaciÃ³n Caseros",9.43689570931383e-16
"public_wifi_name_Metrobus Sur Fernandez de la Cruz, EstaciÃ³n Av. La Plata",9.43689570931383e-16
"public_wifi_name_Metrobus San MartÃ­n, EstaciÃ³n Ãlvarez Jonte",9.43689570931383e-16
"public_wifi_name_Metrobus San MartÃ­n, EstaciÃ³n Solano LÃ³pez",9.43689570931383e-16
"public_wifi_name_Metrobus San MartÃ­n, EstaciÃ³n Roffo",9.43689570931383e-16
"public_wifi_name_Metrobus San MartÃ­n, EstaciÃ³n Pappo Napolitano",9.43689570931383e-16
"public_wifi_name_Metrobus San MartÃ­n, EstaciÃ³n Mosconi",9.43689570931383e-16
"public_wifi_name_Metrobus San MartÃ­n, EstaciÃ³n Ladines",9.43689570931383e-16
"public_wifi_name_Metrobus San MartÃ­n, EstaciÃ³n Empedrado",9.43689570931383e-16
"public_wifi_name_Metrobus San MartÃ­n, EstaciÃ³n Cubas",9.43689570931383e-16
"public_wifi_name_Metrobus San MartÃ­n, EstaciÃ³n Comunicaciones",9.43689570931383e-16
"public_wifi_name_Metrobus San MartÃ­n, EstaciÃ³n Av. Donato Alvarez 1",9.43689570931383e-16
"public_wifi_name_Metrobus San MartÃ­n, EstaciÃ³n AgronomÃ­a",9.43689570931383e-16
"public_wifi_name_Metrobus San MartÃ­n, EstaciÃ³n 2 de Abril",9.43689570931383e-16
"public_wifi_name_Metrobus Norte, EstaciÃ³n Zabala",9.43689570931383e-16
"public_wifi_name_Metrobus Norte, EstaciÃ³n Virrey del Pino",9.43689570931383e-16
"public_wifi_name_Metrobus Norte, EstaciÃ³n Virrey Loreto",9.43689570931383e-16
"public_wifi_name_Metrobus Norte, EstaciÃ³n Virrey Arredondo",9.43689570931383e-16
"public_wifi_name_Metrobus Norte, EstaciÃ³n Vilela",9.43689570931383e-16
"public_wifi_name_Metrobus Norte, EstaciÃ³n Ugarte",9.43689570931383e-16
"public_wifi_name_Metrobus Norte, EstaciÃ³n Teodoro Garcia",9.43689570931383e-16
"public_wifi_name_Metrobus Norte, EstaciÃ³n Sucre",9.43689570931383e-16
"public_wifi_name_Metrobus Norte, EstaciÃ³n Ruiz Huidobro",9.43689570931383e-16
"public_wifi_name_Metrobus Norte, EstaciÃ³n Roosevelt",9.43689570931383e-16
"public_wifi_name_Metrobus Norte, EstaciÃ³n Ramallo",9.43689570931383e-16
"public_wifi_name_Metrobus Norte, EstaciÃ³n Quesada",9.43689570931383e-16
"public_wifi_name_Metrobus Norte, EstaciÃ³n Pico",9.43689570931383e-16
"public_wifi_name_Metrobus Norte, EstaciÃ³n Paroissien",9.43689570931383e-16
"public_wifi_name_Metrobus Norte, EstaciÃ³n Palpa",9.43689570931383e-16
"public_wifi_name_Metrobus Norte, EstaciÃ³n Olleros",9.43689570931383e-16
"public_wifi_name_Metrobus Norte, EstaciÃ³n Olazabal",9.43689570931383e-16
"public_wifi_name_Metrobus Norte, EstaciÃ³n NuÃ±ez",9.43689570931383e-16
"public_wifi_name_Metrobus Norte, EstaciÃ³n Monroe",9.43689570931383e-16
"public_wifi_name_Metrobus Norte, EstaciÃ³n Mendoza",9.43689570931383e-16
"public_wifi_name_Metrobus Norte, EstaciÃ³n Maure",9.43689570931383e-16
"public_wifi_name_Metrobus Norte, EstaciÃ³n Matienzo",9.43689570931383e-16
"public_wifi_name_Metrobus Norte, EstaciÃ³n Manzanares",9.43689570931383e-16
"public_wifi_name_Metrobus Norte, EstaciÃ³n Manuela Pedraza",9.43689570931383e-16
"public_wifi_name_Metrobus Norte, EstaciÃ³n La Pampa",9.43689570931383e-16
"public_wifi_name_Metrobus Norte, EstaciÃ³n Juramento",9.43689570931383e-16
"public_wifi_name_Metrobus Norte, EstaciÃ³n Juana Azurduy",9.43689570931383e-16
"public_wifi_name_Metrobus Norte, EstaciÃ³n Jorge Newbery",9.43689570931383e-16
"public_wifi_name_Metrobus Norte, EstaciÃ³n IberÃ¡",9.43689570931383e-16
"public_wifi_name_Metrobus Norte, EstaciÃ³n Gral Paz",9.43689570931383e-16
"public_wifi_name_Metrobus Norte, EstaciÃ³n Gorostiaga",9.43689570931383e-16
"public_wifi_name_Metrobus Norte, EstaciÃ³n Deheza",9.43689570931383e-16
"public_wifi_name_Metrobus Norte, EstaciÃ³n CÃ©spedes",9.43689570931383e-16
"public_wifi_name_Metrobus Norte, EstaciÃ³n CrisÃ³logo Larralde",9.43689570931383e-16
"public_wifi_name_Metrobus Norte, EstaciÃ³n Correa",9.43689570931383e-16
"public_wifi_name_Metrobus Norte, EstaciÃ³n Congreso",9.43689570931383e-16
"public_wifi_name_Metrobus Norte, EstaciÃ³n Campos Salles",9.43689570931383e-16
"public_wifi_name_Metrobus Norte, EstaciÃ³n Blanco Encalada",9.43689570931383e-16
"public_wifi_name_Metrobus Norte, EstaciÃ³n Besares",9.43689570931383e-16
"public_wifi_name_Metrobus Norte, EstaciÃ³n Arias",9.43689570931383e-16
"public_wifi_name_Metrobus Norte, EstaciÃ³n Aguilar",9.43689570931383e-16
"public_wifi_name_Metrobus Juan B. Justo, EstaciÃ³n VÃ©lez Sarsfield",9.43689570931383e-16
"public_wifi_name_Metrobus Juan B. Justo, EstaciÃ³n Polideportivo VÃ©lez Sarsfield",9.43689570931383e-16
"public_wifi_name_Metrobus Juan B. Justo, EstaciÃ³n PacÃ­fico",9.43689570931383e-16
"public_wifi_name_Metrobus Juan B. Justo, EstaciÃ³n Murillo",9.43689570931383e-16
"public_wifi_name_Metrobus Juan B. Justo, EstaciÃ³n Liniers",9.43689570931383e-16
"public_wifi_name_Metrobus Juan B. Justo, EstaciÃ³n Honduras",9.43689570931383e-16
"public_wifi_name_Metrobus Juan B. Justo, EstaciÃ³n Guatemala",9.43689570931383e-16
"public_wifi_name_Metrobus Juan B. Justo, EstaciÃ³n Cortina",9.43689570931383e-16
"public_wifi_name_Metrobus Juan B. Justo, EstaciÃ³n Concordia",9.43689570931383e-16
"public_wifi_name_Metrobus Juan B. Justo, EstaciÃ³n Chivilcoy",9.43689570931383e-16
"public_wifi_name_Metrobus Juan B. Justo, EstaciÃ³n Av. Segurola",9.43689570931383e-16
"public_wifi_name_Metrobus Juan B. Justo, EstaciÃ³n Av. San MartÃ­n",9.43689570931383e-16
"public_wifi_name_Metrobus Juan B. Justo, EstaciÃ³n Av. Nazca",9.43689570931383e-16
"public_wifi_name_Metrobus Juan B. Justo, EstaciÃ³n Av. Lope de Vega",9.43689570931383e-16
"public_wifi_name_Metrobus Juan B. Justo, EstaciÃ³n Av. Honorio Pueyrredon",9.43689570931383e-16
"public_wifi_name_Metrobus Juan B. Justo, EstaciÃ³n Av. Donato Alvarez",9.43689570931383e-16
"public_wifi_name_Metrobus Juan B. Justo, EstaciÃ³n Av. Corrientes",9.43689570931383e-16
"public_wifi_name_Metrobus Juan B. Justo, EstaciÃ³n Artigas",9.43689570931383e-16
"public_wifi_name_Metrobus Juan B. Justo, EstaciÃ³n Aguirre",9.43689570931383e-16
public_wifi_name_Mariano Pelliza,9.43689570931383e-16
public_wifi_name_Manuel GÃ¡lvez,9.43689570931383e-16
public_wifi_name_Leopoldo Lugones,9.43689570931383e-16
public_wifi_name_Julio CÃ©sar Saguier,9.43689570931383e-16
public_wifi_name_Julio CortÃ¡zar,9.43689570931383e-16
public_wifi_name_JosÃ© MÃ¡rmol,9.43689570931383e-16
public_wifi_name_JoaquÃ­n V. GonzÃ¡lez,9.43689570931383e-16
public_wifi_name_JardÃ­n ZoolÃ³gico,9.43689570931383e-16
public_wifi_name_JardÃ­n BotÃ¡nico (Casona),9.43689570931383e-16
public_wifi_name_Jardin BotÃ¡nico Carlos Thays,9.43689570931383e-16
"public_wifi_name_Instituto Vocacional de Arte "" M. J. Labarden"" - Sede Garay",9.43689570931383e-16
"public_wifi_name_Instituto Vocacional de Arte "" M. J. Labarden"" - Sede Curapaligue",9.43689570931383e-16
public_wifi_name_Inst. de Zoonosis Luis Pasteur,9.43689570931383e-16
public_wifi_name_ISC - ASI Desarrollo,9.43689570931383e-16
public_wifi_name_Htal. de Salud Mental Braulio Moyano,9.43689570931383e-16
public_wifi_name_Htal. de RehabilitaciÃ³n PsicofÃ­sica,9.43689570931383e-16
public_wifi_name_Htal. de RehabilitaciÃ³n M. Rocca,9.43689570931383e-16
public_wifi_name_Htal. de OdontologÃ­a  J. DueÃ±as,9.43689570931383e-16
public_wifi_name_Htal. de Emerg. PsiquiÃ¡tricas Torcuato de Alvear,9.43689570931383e-16
public_wifi_name_Htal. Zubizarreta,9.43689570931383e-16
public_wifi_name_Htal. Velez Sarfield,9.43689570931383e-16
public_wifi_name_Htal. Santojanni,9.43689570931383e-16
public_wifi_name_Htal. Santa LucÃ­a,9.43689570931383e-16
public_wifi_name_Htal. Rivadavia,9.43689570931383e-16
public_wifi_name_Htal. Ramos MejÃ­a,9.43689570931383e-16
public_wifi_name_Htal. Quinquela MartÃ­n,9.43689570931383e-16
public_wifi_name_Htal. PiÃ±ero,9.43689570931383e-16
public_wifi_name_Htal. Pirovano,9.43689570931383e-16
public_wifi_name_Htal. OdontolÃ³gico Dr. R. Carrillo (Ex Nacional),9.43689570931383e-16
public_wifi_name_Htal. Materno Infantil R. SardÃ¡,9.43689570931383e-16
public_wifi_name_Htal. Maria Ferrer,9.43689570931383e-16
public_wifi_name_Htal. Maria Curie,9.43689570931383e-16
public_wifi_name_Htal. Argerich,9.43689570931383e-16
public_wifi_name_Htal. Alvarez,9.43689570931383e-16
public_wifi_name_Hospital V. Sarsfield - CE,9.43689570931383e-16
public_wifi_name_Hospital Tornu - Guardia,9.43689570931383e-16
public_wifi_name_Hospital Sarda - Guardia,9.43689570931383e-16
public_wifi_name_Hospital Santojanni - Guardia,9.43689570931383e-16
public_wifi_name_Hospital Santojanni - CE,9.43689570931383e-16
public_wifi_name_Hospital Rivadavia - Guardia,9.43689570931383e-16
public_wifi_name_Hospital Ramos Mejia - Guardia,9.43689570931383e-16
public_wifi_name_Hospital PiÃ±ero - CE,9.43689570931383e-16
public_wifi_name_Hospital Pirovano - Guardia,9.43689570931383e-16
public_wifi_name_Hospital Gutierrez - Guardia,9.43689570931383e-16
public_wifi_name_Hospital Gutierrez - CE,9.43689570931383e-16
public_wifi_name_Hospital Fernandez - Guardia,9.43689570931383e-16
public_wifi_name_Hospital Fernandez - CE,9.43689570931383e-16
public_wifi_name_Hospital Elizalde - CE,9.43689570931383e-16
public_wifi_name_Hospital Durand - Guardia,9.43689570931383e-16
public_wifi_name_Hospital Argerich - CE,9.43689570931383e-16
public_wifi_name_Hospital Alvarez - Guardia,9.43689570931383e-16
public_wifi_name_Hogar San MartÃ­n,9.43689570931383e-16
public_wifi_name_HOSPITAL T.BORDA,9.43689570931383e-16
public_wifi_name_HOSPITAL SANTA LUCIA,9.43689570931383e-16
public_wifi_name_HOSPITAL RAMON CARRILLO,9.43689570931383e-16
public_wifi_name_HOSPITAL PEDRO LAGLEYSE,9.43689570931383e-16
public_wifi_name_HOSPITAL MUÃIZ,9.43689570931383e-16
public_wifi_name_HOSPITAL MARIE CURIE,9.43689570931383e-16
public_wifi_name_HOSPITAL M.FERRER,9.43689570931383e-16
public_wifi_name_HOSPITAL LUIS PASTEUR,9.43689570931383e-16
public_wifi_name_HOSPITAL C.TOBAR GARCIA,9.43689570931383e-16
public_wifi_name_HOSPITAL B. UDAONDO,9.43689570931383e-16
public_wifi_name_GalerÃ­a Pasaje Obelisco Sur,9.43689570931383e-16
public_wifi_name_GalerÃ­a Pasaje Obelisco Norte,9.43689570931383e-16
public_wifi_name_Florida 870,9.43689570931383e-16
public_wifi_name_Florida 540,9.43689570931383e-16
public_wifi_name_Florida 25,9.43689570931383e-16
public_wifi_name_Facultad de Derecho,9.43689570931383e-16
public_wifi_name_Estanislao del Campo,9.43689570931383e-16
public_wifi_name_EstaciÃ³n de Combis Puerto Madero,9.43689570931383e-16
public_wifi_name_EstaciÃ³n de Combis,9.43689570931383e-16
public_wifi_name_EstaciÃ³n Venezuela - LÃ­nea H,9.43689570931383e-16
public_wifi_name_EstaciÃ³n Varela - Linea E,9.43689570931383e-16
public_wifi_name_EstaciÃ³n Uruguay - LÃ­nea B,9.43689570931383e-16
public_wifi_name_EstaciÃ³n Tronador - LÃ­nea B,9.43689570931383e-16
public_wifi_name_EstaciÃ³n Tribunales - LÃ­nea D,9.43689570931383e-16
public_wifi_name_EstaciÃ³n Teatro ColÃ³n,9.43689570931383e-16
public_wifi_name_EstaciÃ³n Santa Fe - LÃ­nea H,9.43689570931383e-16
public_wifi_name_EstaciÃ³n Santa Fe,9.43689570931383e-16
public_wifi_name_EstaciÃ³n San Pedrito - LÃ­nea A,9.43689570931383e-16
public_wifi_name_EstaciÃ³n San Pedrito  - Linea A,9.43689570931383e-16
public_wifi_name_EstaciÃ³n San Martin - Linea C,9.43689570931383e-16
public_wifi_name_EstaciÃ³n San Juan - Linea C,9.43689570931383e-16
public_wifi_name_EstaciÃ³n San JosÃ© de Flores - LÃ­nea A,9.43689570931383e-16
public_wifi_name_EstaciÃ³n San Jose de Flores - Linea A,9.43689570931383e-16
public_wifi_name_EstaciÃ³n Saludable Retiro,9.43689570931383e-16
public_wifi_name_EstaciÃ³n Saludable Plaza Miserere,9.43689570931383e-16
public_wifi_name_EstaciÃ³n Saludable Plaza Flores,9.43689570931383e-16
public_wifi_name_EstaciÃ³n Saludable Parque Patricios,9.43689570931383e-16
public_wifi_name_EstaciÃ³n Saludable Parque Los Andes,9.43689570931383e-16
public_wifi_name_EstaciÃ³n Saludable Parque Indoamericano,9.43689570931383e-16
public_wifi_name_EstaciÃ³n Saludable Parque Chacabuco,9.43689570931383e-16
public_wifi_name_EstaciÃ³n Saludable Parque Centenario,9.43689570931383e-16
public_wifi_name_EstaciÃ³n Saludable Parque Avellaneda,9.43689570931383e-16
public_wifi_name_EstaciÃ³n Saludable PacÃ­fico,9.43689570931383e-16
public_wifi_name_EstaciÃ³n Saludable Diagonal y Florida (Refuerzo),9.43689570931383e-16
public_wifi_name_EstaciÃ³n Saludable Corrientes LÃ­nea H,9.43689570931383e-16
public_wifi_name_EstaciÃ³n Saludable ConstituciÃ³n,9.43689570931383e-16
public_wifi_name_EstaciÃ³n Saenz PeÃ±a - Linea A,9.43689570931383e-16
public_wifi_name_EstaciÃ³n Rio de Janeiro - Linea A,9.43689570931383e-16
public_wifi_name_EstaciÃ³n Retiro - Linea C,9.43689570931383e-16
public_wifi_name_EstaciÃ³n R. Scalabrini Ortiz - LÃ­nea D,9.43689570931383e-16
public_wifi_name_EstaciÃ³n Pza. de los Virreyes - Linea E,9.43689570931383e-16
public_wifi_name_EstaciÃ³n PueyrredÃ³n - LÃ­nea B,9.43689570931383e-16
public_wifi_name_EstaciÃ³n PueyrredÃ³n  - LÃ­nea D,9.43689570931383e-16
public_wifi_name_EstaciÃ³n Puan - Linea A,9.43689570931383e-16
public_wifi_name_EstaciÃ³n Primera Junta - Linea A,9.43689570931383e-16
public_wifi_name_EstaciÃ³n Plaza Miserere - Linea A,9.43689570931383e-16
public_wifi_name_EstaciÃ³n Plaza Italia - LÃ­nea D,9.43689570931383e-16
public_wifi_name_EstaciÃ³n Piedra - Linea A,9.43689570931383e-16
public_wifi_name_EstaciÃ³n Pichincha - Linea E,9.43689570931383e-16
public_wifi_name_EstaciÃ³n Pasteur - Linea B,9.43689570931383e-16
public_wifi_name_EstaciÃ³n Pasco - Linea A,9.43689570931383e-16
public_wifi_name_EstaciÃ³n Parque Patricios - LÃ­nea H,9.43689570931383e-16
public_wifi_name_EstaciÃ³n Paraguay,9.43689570931383e-16
public_wifi_name_EstaciÃ³n Palermo - LÃ­nea D,9.43689570931383e-16
public_wifi_name_EstaciÃ³n Once - 30 de Diciembre - LÃ­nea H,9.43689570931383e-16
public_wifi_name_EstaciÃ³n Olleros - LÃ­nea D,9.43689570931383e-16
public_wifi_name_EstaciÃ³n Obelisco Norte,9.43689570931383e-16
public_wifi_name_EstaciÃ³n Mitre,9.43689570931383e-16
public_wifi_name_EstaciÃ³n Ministro Carranza - LÃ­nea D,9.43689570931383e-16
public_wifi_name_EstaciÃ³n Medrano - LÃ­nea B,9.43689570931383e-16
public_wifi_name_EstaciÃ³n Medalla Milagrosa - Linea E,9.43689570931383e-16
public_wifi_name_EstaciÃ³n Marcelo T. de Alvear,9.43689570931383e-16
public_wifi_name_EstaciÃ³n Malabia - Osvaldo Pugliese - LÃ­nea B,9.43689570931383e-16
public_wifi_name_EstaciÃ³n Loria - Linea A,9.43689570931383e-16
public_wifi_name_EstaciÃ³n Lima - Linea A,9.43689570931383e-16
public_wifi_name_EstaciÃ³n Lavalle - Linea C,9.43689570931383e-16
public_wifi_name_EstaciÃ³n Las Heras - LÃ­nea H,9.43689570931383e-16
public_wifi_name_EstaciÃ³n Juramento - LÃ­nea D,9.43689570931383e-16
public_wifi_name_EstaciÃ³n Jujuy - Linea E,9.43689570931383e-16
public_wifi_name_EstaciÃ³n Jujuy,9.43689570931383e-16
public_wifi_name_EstaciÃ³n Juan Manuel de Rosas - LÃ­nea B,9.43689570931383e-16
public_wifi_name_EstaciÃ³n Juan D. PerÃ³n,9.43689570931383e-16
public_wifi_name_EstaciÃ³n JosÃ© HernÃ¡ndez - LÃ­nea D,9.43689570931383e-16
public_wifi_name_EstaciÃ³n Jose Maria Moreno - LÃ­nea E,9.43689570931383e-16
public_wifi_name_EstaciÃ³n Independencia - LÃ­nea E,9.43689570931383e-16
public_wifi_name_EstaciÃ³n Independencia - Linea C,9.43689570931383e-16
public_wifi_name_EstaciÃ³n InclÃ¡n - LÃ­nea H,9.43689570931383e-16
public_wifi_name_EstaciÃ³n Humberto 1Âº - LÃ­nea H,9.43689570931383e-16
public_wifi_name_EstaciÃ³n Hospitales - LÃ­nea H,9.43689570931383e-16
public_wifi_name_EstaciÃ³n Gral. Urquiza - Linea E,9.43689570931383e-16
public_wifi_name_EstaciÃ³n Florida - Linea B,9.43689570931383e-16
public_wifi_name_EstaciÃ³n Federico Lacroze - LÃ­nea B,9.43689570931383e-16
public_wifi_name_EstaciÃ³n Facultad de Medicina - LÃ­nea D,9.43689570931383e-16
public_wifi_name_EstaciÃ³n Esteban EcheverrÃ­a - LÃ­nea B,9.43689570931383e-16
public_wifi_name_EstaciÃ³n Estados Unidos,9.43689570931383e-16
public_wifi_name_EstaciÃ³n Entre Rios - Linea E,9.43689570931383e-16
public_wifi_name_EstaciÃ³n Emilio Mitre - Linea E,9.43689570931383e-16
public_wifi_name_EstaciÃ³n Dorrego - LÃ­nea B,9.43689570931383e-16
public_wifi_name_EstaciÃ³n Diagonal Norte  - Linea C,9.43689570931383e-16
public_wifi_name_EstaciÃ³n CÃ³rdoba - LÃ­nea H,9.43689570931383e-16
public_wifi_name_EstaciÃ³n CÃ³rdoba,9.43689570931383e-16
public_wifi_name_EstaciÃ³n Corrientes - LÃ­nea H,9.43689570931383e-16
public_wifi_name_EstaciÃ³n ConstituciÃ³n - Linea C,9.43689570931383e-16
public_wifi_name_EstaciÃ³n ConstituciÃ³n,9.43689570931383e-16
public_wifi_name_EstaciÃ³n Congreso de TucumÃ¡n - LÃ­nea D,9.43689570931383e-16
public_wifi_name_EstaciÃ³n Congreso - Linea A,9.43689570931383e-16
public_wifi_name_EstaciÃ³n Catedral - LÃ­nea D,9.43689570931383e-16
public_wifi_name_EstaciÃ³n Castro Barros - Linea A,9.43689570931383e-16
public_wifi_name_EstaciÃ³n Caseros - LÃ­nea H,9.43689570931383e-16
public_wifi_name_EstaciÃ³n Carlos Gardel - LÃ­nea B,9.43689570931383e-16
public_wifi_name_EstaciÃ³n Carabobo - Linea A,9.43689570931383e-16
public_wifi_name_EstaciÃ³n Callao - LÃ­nea D,9.43689570931383e-16
public_wifi_name_EstaciÃ³n Callao - LÃ­nea B,9.43689570931383e-16
public_wifi_name_EstaciÃ³n Bulnes - LÃ­nea D,9.43689570931383e-16
public_wifi_name_EstaciÃ³n Boedo - LÃ­nea E,9.43689570931383e-16
public_wifi_name_EstaciÃ³n Belgrano - Linea E,9.43689570931383e-16
public_wifi_name_EstaciÃ³n Av. La Plata - Linea E,9.43689570931383e-16
public_wifi_name_EstaciÃ³n Av. De Mayo - Linea C,9.43689570931383e-16
public_wifi_name_EstaciÃ³n Angel Gallardo - Linea B,9.43689570931383e-16
public_wifi_name_EstaciÃ³n Alem - Linea B,9.43689570931383e-16
public_wifi_name_EstaciÃ³n Alberti - Linea A,9.43689570931383e-16
public_wifi_name_EstaciÃ³n AgÃ¼ero - LÃ­nea D,9.43689570931383e-16
public_wifi_name_EstaciÃ³n Acoyte - Linea A,9.43689570931383e-16
public_wifi_name_EstaciÃ³n 9 de Julio - LÃ­nea D,9.43689570931383e-16
public_wifi_name_Estacion De Los Incas - LÃ­nea B,9.43689570931383e-16
public_wifi_name_Estacion Carlos Pellegrini - Linea B,9.43689570931383e-16
public_wifi_name_Espacio Subte Digital San Pedrito - LÃ­nea A,9.43689570931383e-16
public_wifi_name_Espacio Subte Digital PueyrredÃ³n - LÃ­nea B,9.43689570931383e-16
public_wifi_name_Espacio Subte Digital Plaza Italia - LÃ­nea D,9.43689570931383e-16
public_wifi_name_Espacio Subte Digital Palermo - LÃ­nea D,9.43689570931383e-16
public_wifi_name_Espacio Subte Digital Once - 30 de Diciembre - LÃ­nea H,9.43689570931383e-16
public_wifi_name_Espacio Subte Digital Humberto 1Âº - LÃ­nea H,9.43689570931383e-16
public_wifi_name_Espacio Subte Digital Facultad de Medicina - LÃ­nea D,9.43689570931383e-16
public_wifi_name_Espacio Subte Digital Caseros - LÃ­nea H,9.43689570931383e-16
public_wifi_name_Espacio Subte Digital Carranza - LÃ­nea D,9.43689570931383e-16
public_wifi_name_Espacio Subte Digital Alem - LÃ­nea B,9.43689570931383e-16
public_wifi_name_Espacio Subte Digital 9 de Julio LÃ­nea D,9.43689570931383e-16
"public_wifi_name_Espacio PÃºblico, Viamonte 950",9.43689570931383e-16
"public_wifi_name_Espacio PÃºblico, Viamonte 744",9.43689570931383e-16
"public_wifi_name_Espacio PÃºblico, TucumÃ¡n 744",9.43689570931383e-16
"public_wifi_name_Espacio PÃºblico, Sarmiento 348",9.43689570931383e-16
"public_wifi_name_Espacio PÃºblico, San MartÃ­n 540",9.43689570931383e-16
"public_wifi_name_Espacio PÃºblico, Ricardo Rojas 460",9.43689570931383e-16
"public_wifi_name_Espacio PÃºblico, Reconquista 875",9.43689570931383e-16
"public_wifi_name_Espacio PÃºblico, Reconquista 281",9.43689570931383e-16
"public_wifi_name_Espacio PÃºblico, Patio de los Lecheros 1",9.43689570931383e-16
"public_wifi_name_Espacio PÃºblico, Paraguay 656",9.43689570931383e-16
"public_wifi_name_Espacio PÃºblico, Maipu 241",9.43689570931383e-16
"public_wifi_name_Espacio PÃºblico, Lavalle 653",9.43689570931383e-16
"public_wifi_name_Espacio PÃºblico, Florida 746",9.43689570931383e-16
"public_wifi_name_Espacio PÃºblico, Florida 364",9.43689570931383e-16
"public_wifi_name_Espacio PÃºblico, Florida 180",9.43689570931383e-16
"public_wifi_name_Espacio PÃºblico, Esmeralda 549",9.43689570931383e-16
"public_wifi_name_Espacio PÃºblico, Esmeralda 138",9.43689570931383e-16
"public_wifi_name_Espacio PÃºblico, Esmeralda 1048",9.43689570931383e-16
"public_wifi_name_Espacio PÃºblico, 25 de mayo 574",9.43689570931383e-16
public_wifi_name_Escenario Piedra Buena,9.43689570931383e-16
public_wifi_name_Ente de Turismo,9.43689570931383e-16
public_wifi_name_Ente de Higiene Urbana,9.43689570931383e-16
public_wifi_name_Enrique Banchs,9.43689570931383e-16
public_wifi_name_Edificio del Plata,9.43689570931383e-16
public_wifi_name_Edificio Lezama,9.43689570931383e-16
public_wifi_name_Edificio Finochietto,9.43689570931383e-16
public_wifi_name_EMAD - Escuela Metropolitana de Arte DramÃ¡tico,9.43689570931383e-16
public_wifi_name_Distrito TecnolÃ³gico SÃ¡nchez de Loria y Rondeau,9.43689570931383e-16
public_wifi_name_Distrito TecnolÃ³gico MiriÃ±ay 3532,9.43689570931383e-16
public_wifi_name_Distrito TecnolÃ³gico Dr. Prof. P. Chutro 3434,9.43689570931383e-16
public_wifi_name_Distrito TecnolÃ³gico Cortajarena 3514,9.43689570931383e-16
public_wifi_name_Distrito TecnolÃ³gico Caseros y Almafuerte,9.43689570931383e-16
public_wifi_name_Distrito TecnolÃ³gico Caseros 3405,9.43689570931383e-16
public_wifi_name_Distrito TecnolÃ³gico Almafuerte y Puna,9.43689570931383e-16
public_wifi_name_DirecciÃ³n Gral. de Museos,9.43689570931383e-16
public_wifi_name_Diagonal Norte y Sarmiento,9.43689570931383e-16
public_wifi_name_Diagonal Norte y PerÃ³n,9.43689570931383e-16
public_wifi_name_Diagonal Norte y MaipÃº,9.43689570931383e-16
public_wifi_name_Diagonal Norte y Florida,9.43689570931383e-16
public_wifi_name_DepÃ³sito Museo del Cine,9.43689570931383e-16
public_wifi_name_Del Docente,9.43689570931383e-16
public_wifi_name_Ctro. de Inf. TurÃ­stica 'Roberto Arlt',9.43689570931383e-16
public_wifi_name_Corrientes 1750,9.43689570931383e-16
public_wifi_name_Corrientes 1650,9.43689570931383e-16
public_wifi_name_Corrientes 1550,9.43689570931383e-16
public_wifi_name_Conservatorio Superior de MÃºsica Manuel de Falla,9.43689570931383e-16
"public_wifi_name_Conservatorio S. M. ""Manuel de Falla""",9.43689570931383e-16
public_wifi_name_ComisarÃ­a Comunal 12,9.43689570931383e-16
public_wifi_name_Centro Ãnico de CoordinaciÃ³n y Control,9.43689570931383e-16
public_wifi_name_Centro del Distrito TecnolÃ³gico (Espacios de recepciÃ³n al pÃºblico),9.43689570931383e-16
public_wifi_name_Centro de Primera Infancia PULGARCITO,9.43689570931383e-16
public_wifi_name_Centro de Exposiciones El Dorrego,9.43689570931383e-16
public_wifi_name_Centro de DÃ­a Nro. 9,9.43689570931383e-16
public_wifi_name_Centro de DÃ­a Nro. 8,9.43689570931383e-16
public_wifi_name_Centro de DÃ­a Nro. 27,9.43689570931383e-16
public_wifi_name_Centro de DÃ­a Nro. 19,9.43689570931383e-16
public_wifi_name_Centro de DÃ­a Nro. 17,9.43689570931383e-16
public_wifi_name_Centro Metropolitano de DiseÃ±o,9.43689570931383e-16
public_wifi_name_Centro Cultural Tato Bores,9.43689570931383e-16
public_wifi_name_Centro Cultural Sur,9.43689570931383e-16
public_wifi_name_Centro Cultural Recoleta,9.43689570931383e-16
public_wifi_name_Centro Cultural Plaza Flores,9.43689570931383e-16
public_wifi_name_Centro Cultural JuliÃ¡n Centeya,9.43689570931383e-16
public_wifi_name_Centro Cultural General San MartÃ­n,9.43689570931383e-16
public_wifi_name_Centro Cultural Eladia BlÃ¡zquez,9.43689570931383e-16
public_wifi_name_Centro Cultural Alfonsina Storni,9.43689570931383e-16
public_wifi_name_Centro Cultural AdÃ¡n Buenosayres,9.43689570931383e-16
public_wifi_name_Cementerio de Recoleta,9.43689570931383e-16
public_wifi_name_Carlos Guido y Spano,9.43689570931383e-16
public_wifi_name_Capilla San Francisco,9.43689570931383e-16
public_wifi_name_Cancha San Juan Bautista,9.43689570931383e-16
public_wifi_name_Cancha Mate,9.43689570931383e-16
public_wifi_name_Cancha M52,9.43689570931383e-16
public_wifi_name_Cancha Los Huerfanos,9.43689570931383e-16
public_wifi_name_Cancha Changuitos,9.43689570931383e-16
public_wifi_name_Caminito,9.43689570931383e-16
public_wifi_name_COPIDIS,9.43689570931383e-16
public_wifi_name_CMB NÂº 8,9.43689570931383e-16
public_wifi_name_CMB NÂº 7,9.43689570931383e-16
public_wifi_name_CMB NÂº 6,9.43689570931383e-16
public_wifi_name_CMB NÂº 39,9.43689570931383e-16
public_wifi_name_CMB NÂº 38,9.43689570931383e-16
public_wifi_name_CMB NÂº 37,9.43689570931383e-16
public_wifi_name_CMB NÂº 36,9.43689570931383e-16
public_wifi_name_CMB NÂº 35,9.43689570931383e-16
public_wifi_name_CMB NÂº 34,9.43689570931383e-16
public_wifi_name_CMB NÂº 33,9.43689570931383e-16
public_wifi_name_CMB NÂº 32,9.43689570931383e-16
public_wifi_name_CMB NÂº 31,9.43689570931383e-16
public_wifi_name_CMB NÂº 30,9.43689570931383e-16
public_wifi_name_CMB NÂº 29,9.43689570931383e-16
public_wifi_name_CMB NÂº 28,9.43689570931383e-16
public_wifi_name_CMB NÂº 27,9.43689570931383e-16
public_wifi_name_CMB NÂº 26,9.43689570931383e-16
public_wifi_name_CMB NÂº 24,9.43689570931383e-16
public_wifi_name_CMB NÂº 23,9.43689570931383e-16
public_wifi_name_CMB NÂº 22,9.43689570931383e-16
public_wifi_name_CMB NÂº 20,9.43689570931383e-16
public_wifi_name_CMB NÂº 19,9.43689570931383e-16
public_wifi_name_CMB NÂº 13,9.43689570931383e-16
public_wifi_name_CMB NÂº 12,9.43689570931383e-16
public_wifi_name_CIM Villa Lugano,9.43689570931383e-16
public_wifi_name_CIM Margarita Malharro,9.43689570931383e-16
public_wifi_name_CIM Elvira Rawson,9.43689570931383e-16
public_wifi_name_CESAC NÂº 9,9.43689570931383e-16
public_wifi_name_CESAC NÂº 8,9.43689570931383e-16
public_wifi_name_CESAC NÂº 7,9.43689570931383e-16
public_wifi_name_CESAC NÂº 6,9.43689570931383e-16
public_wifi_name_CESAC NÂº 5,9.43689570931383e-16
public_wifi_name_CESAC NÂº 45,9.43689570931383e-16
public_wifi_name_CESAC NÂº 44,9.43689570931383e-16
public_wifi_name_CESAC NÂº 43,9.43689570931383e-16
public_wifi_name_CESAC NÂº 41,9.43689570931383e-16
public_wifi_name_CESAC NÂº 4,9.43689570931383e-16
public_wifi_name_CESAC NÂº 39,9.43689570931383e-16
public_wifi_name_CESAC NÂº 38,9.43689570931383e-16
public_wifi_name_CESAC NÂº 37,9.43689570931383e-16
public_wifi_name_CESAC NÂº 34,9.43689570931383e-16
public_wifi_name_CESAC NÂº 33,9.43689570931383e-16
public_wifi_name_CESAC NÂº 30,9.43689570931383e-16
public_wifi_name_CESAC NÂº 3,9.43689570931383e-16
public_wifi_name_CESAC NÂº 27,9.43689570931383e-16
public_wifi_name_CESAC NÂº 26,9.43689570931383e-16
public_wifi_name_CESAC NÂº 22,9.43689570931383e-16
public_wifi_name_CESAC NÂº 21,9.43689570931383e-16
public_wifi_name_CESAC NÂº 2,9.43689570931383e-16
public_wifi_name_CESAC NÂº 19,9.43689570931383e-16
public_wifi_name_CESAC NÂº 17,9.43689570931383e-16
public_wifi_name_CESAC NÂº 16,9.43689570931383e-16
public_wifi_name_CESAC NÂº 14,9.43689570931383e-16
public_wifi_name_CESAC NÂº 13,9.43689570931383e-16
public_wifi_name_CESAC NÂº 12,9.43689570931383e-16
public_wifi_name_CESAC NÂº 11,9.43689570931383e-16
public_wifi_name_CESAC NÂº 10,9.43689570931383e-16
public_wifi_name_CESAC NÂº 1,9.43689570931383e-16
public_wifi_name_Biblioteca Reina Batata (Infantil),9.43689570931383e-16
public_wifi_name_Biblioteca Miguel CanÃ©,9.43689570931383e-16
public_wifi_name_Biblioteca Manuel GÃ¡lvez,9.43689570931383e-16
public_wifi_name_Biblioteca JosÃ© MÃ¡rmol,9.43689570931383e-16
public_wifi_name_Biblioteca Javier VillafaÃ±e,9.43689570931383e-16
public_wifi_name_Biblioteca HernÃ¡ndez,9.43689570931383e-16
public_wifi_name_Biblioteca Enrique Banchs,9.43689570931383e-16
public_wifi_name_Biblioteca El Progreso,9.43689570931383e-16
public_wifi_name_Biblioteca Del Docente,9.43689570931383e-16
public_wifi_name_Biblioteca Carlos Guido y Spano,9.43689570931383e-16
public_wifi_name_Biblioteca Benito Lynch,9.43689570931383e-16
public_wifi_name_Biblioteca Baldomero FernÃ¡ndez Moreno,9.43689570931383e-16
public_wifi_name_Biblioteca Antonio Devoto,9.43689570931383e-16
public_wifi_name_Biblioteca Alfonsina Storni y MartÃ­n Del Barco Centenera,9.43689570931383e-16
public_wifi_name_Biblioteca  Joaquin V Gonzalez,9.43689570931383e-16
public_wifi_name_Baldomero FernÃ¡ndez Moreno,9.43689570931383e-16
public_wifi_name_Antonio Devoto,9.43689570931383e-16
public_wifi_name_Anfiteatro Parque Centenario,9.43689570931383e-16
public_wifi_name_Alicia Moreau de Justo y Chile,9.43689570931383e-16
public_wifi_name_Alfonsina Storni y MartÃ­n Del Barco Centenera,9.43689570931383e-16
public_wifi_name_Agencia Gubenamental de Control,9.43689570931383e-16
public_wifi_id_1354,9.43689570931383e-16
public_wifi_id_1353,9.43689570931383e-16
public_wifi_id_1351,9.43689570931383e-16
public_wifi_id_1350,9.43689570931383e-16
public_wifi_id_1348,9.43689570931383e-16
public_wifi_id_1347,9.43689570931383e-16
public_wifi_id_1344,9.43689570931383e-16
public_wifi_id_1343,9.43689570931383e-16
public_wifi_id_1341,9.43689570931383e-16
public_wifi_id_1340,9.43689570931383e-16
public_wifi_id_1339,9.43689570931383e-16
public_wifi_id_1338,9.43689570931383e-16
public_wifi_id_1336,9.43689570931383e-16
public_wifi_id_1335,9.43689570931383e-16
public_wifi_id_1334,9.43689570931383e-16
public_wifi_id_1333,9.43689570931383e-16
public_wifi_id_1332,9.43689570931383e-16
public_wifi_id_1331,9.43689570931383e-16
public_wifi_id_1330,9.43689570931383e-16
public_wifi_id_1329,9.43689570931383e-16
public_wifi_id_1327,9.43689570931383e-16
public_wifi_id_1326,9.43689570931383e-16
public_wifi_id_1325,9.43689570931383e-16
public_wifi_id_1324,9.43689570931383e-16
public_wifi_id_1323,9.43689570931383e-16
public_wifi_id_1322,9.43689570931383e-16
public_wifi_id_1318,9.43689570931383e-16
public_wifi_id_1316,9.43689570931383e-16
public_wifi_id_1315,9.43689570931383e-16
public_wifi_id_1314,9.43689570931383e-16
public_wifi_id_1313,9.43689570931383e-16
public_wifi_id_1311,9.43689570931383e-16
public_wifi_id_1309,9.43689570931383e-16
public_wifi_id_1308,9.43689570931383e-16
public_wifi_id_1305,9.43689570931383e-16
public_wifi_id_1304,9.43689570931383e-16
public_wifi_id_1303,9.43689570931383e-16
public_wifi_id_1301,9.43689570931383e-16
public_wifi_id_1300,9.43689570931383e-16
public_wifi_id_1299,9.43689570931383e-16
public_wifi_id_1298,9.43689570931383e-16
public_wifi_id_1295,9.43689570931383e-16
public_wifi_id_1294,9.43689570931383e-16
public_wifi_id_1293,9.43689570931383e-16
public_wifi_id_1290,9.43689570931383e-16
public_wifi_id_1289,9.43689570931383e-16
public_wifi_id_1288,9.43689570931383e-16
public_wifi_id_1287,9.43689570931383e-16
public_wifi_id_1286,9.43689570931383e-16
public_wifi_id_1285,9.43689570931383e-16
public_wifi_id_1277,9.43689570931383e-16
public_wifi_id_1276,9.43689570931383e-16
public_wifi_id_1275,9.43689570931383e-16
public_wifi_id_1273,9.43689570931383e-16
public_wifi_id_1272,9.43689570931383e-16
public_wifi_id_1271,9.43689570931383e-16
public_wifi_id_1270,9.43689570931383e-16
public_wifi_id_1269,9.43689570931383e-16
public_wifi_id_1268,9.43689570931383e-16
public_wifi_id_1267,9.43689570931383e-16
public_wifi_id_1265,9.43689570931383e-16
public_wifi_id_1264,9.43689570931383e-16
public_wifi_id_1263,9.43689570931383e-16
public_wifi_id_1262,9.43689570931383e-16
public_wifi_id_1260,9.43689570931383e-16
public_wifi_id_1259,9.43689570931383e-16
public_wifi_id_1257,9.43689570931383e-16
public_wifi_id_1256,9.43689570931383e-16
public_wifi_id_1253,9.43689570931383e-16
public_wifi_id_1250,9.43689570931383e-16
public_wifi_id_1249,9.43689570931383e-16
public_wifi_id_1245,9.43689570931383e-16
public_wifi_id_1244,9.43689570931383e-16
public_wifi_id_1242,9.43689570931383e-16
public_wifi_id_1240,9.43689570931383e-16
public_wifi_id_1239,9.43689570931383e-16
public_wifi_id_1237,9.43689570931383e-16
public_wifi_id_1236,9.43689570931383e-16
public_wifi_id_1235,9.43689570931383e-16
public_wifi_id_1234,9.43689570931383e-16
public_wifi_id_1233,9.43689570931383e-16
public_wifi_id_1232,9.43689570931383e-16
public_wifi_id_1231,9.43689570931383e-16
public_wifi_id_1230,9.43689570931383e-16
public_wifi_id_1229,9.43689570931383e-16
public_wifi_id_1228,9.43689570931383e-16
public_wifi_id_1227,9.43689570931383e-16
public_wifi_id_1226,9.43689570931383e-16
public_wifi_id_1225,9.43689570931383e-16
public_wifi_id_1223,9.43689570931383e-16
public_wifi_id_1222,9.43689570931383e-16
public_wifi_id_1187,9.43689570931383e-16
public_wifi_id_1186,9.43689570931383e-16
public_wifi_id_1184,9.43689570931383e-16
public_wifi_id_1182,9.43689570931383e-16
public_wifi_id_1181,9.43689570931383e-16
public_wifi_id_1180,9.43689570931383e-16
public_wifi_id_1178,9.43689570931383e-16
public_wifi_id_1176,9.43689570931383e-16
public_wifi_id_1173,9.43689570931383e-16
public_wifi_id_1170,9.43689570931383e-16
public_wifi_id_1169,9.43689570931383e-16
public_wifi_id_1168,9.43689570931383e-16
public_wifi_id_1167,9.43689570931383e-16
public_wifi_id_1165,9.43689570931383e-16
public_wifi_id_1164,9.43689570931383e-16
public_wifi_id_1161,9.43689570931383e-16
public_wifi_id_1160,9.43689570931383e-16
public_wifi_id_1156,9.43689570931383e-16
public_wifi_id_1153,9.43689570931383e-16
public_wifi_id_1150,9.43689570931383e-16
public_wifi_id_1148,9.43689570931383e-16
public_wifi_id_1147,9.43689570931383e-16
public_wifi_id_1138,9.43689570931383e-16
public_wifi_id_1135,9.43689570931383e-16
public_wifi_id_1120,9.43689570931383e-16
public_wifi_id_1118,9.43689570931383e-16
public_wifi_id_1117,9.43689570931383e-16
public_wifi_id_1116,9.43689570931383e-16
public_wifi_id_1115,9.43689570931383e-16
public_wifi_id_1112,9.43689570931383e-16
public_wifi_id_1108,9.43689570931383e-16
public_wifi_id_1104,9.43689570931383e-16
public_wifi_id_1100,9.43689570931383e-16
public_wifi_id_1098,9.43689570931383e-16
public_wifi_id_1094,9.43689570931383e-16
public_wifi_id_1090,9.43689570931383e-16
public_wifi_id_1089,9.43689570931383e-16
public_wifi_id_1085,9.43689570931383e-16
public_wifi_id_1084,9.43689570931383e-16
public_wifi_id_1082,9.43689570931383e-16
public_wifi_id_1080,9.43689570931383e-16
public_wifi_id_1077,9.43689570931383e-16
public_wifi_id_1076,9.43689570931383e-16
public_wifi_id_1073,9.43689570931383e-16
public_wifi_id_1070,9.43689570931383e-16
public_wifi_id_1067,9.43689570931383e-16
public_wifi_id_1063,9.43689570931383e-16
public_wifi_id_1060,9.43689570931383e-16
public_wifi_id_1057,9.43689570931383e-16
public_wifi_id_1054,9.43689570931383e-16
public_wifi_id_1048,9.43689570931383e-16
public_wifi_id_1042,9.43689570931383e-16
public_wifi_id_1039,9.43689570931383e-16
public_wifi_id_1036,9.43689570931383e-16
public_wifi_id_1032,9.43689570931383e-16
public_wifi_id_1031,9.43689570931383e-16
public_wifi_id_1028,9.43689570931383e-16
public_wifi_id_1024,9.43689570931383e-16
public_wifi_id_1020,9.43689570931383e-16
public_wifi_id_1008,9.43689570931383e-16
public_wifi_id_1001,9.43689570931383e-16
public_wifi_id_996,9.43689570931383e-16
public_wifi_id_988,9.43689570931383e-16
public_wifi_id_985,9.43689570931383e-16
public_wifi_id_982,9.43689570931383e-16
public_wifi_id_976,9.43689570931383e-16
public_wifi_id_975,9.43689570931383e-16
public_wifi_id_973,9.43689570931383e-16
public_wifi_id_971,9.43689570931383e-16
public_wifi_id_968,9.43689570931383e-16
public_wifi_id_967,9.43689570931383e-16
public_wifi_id_963,9.43689570931383e-16
public_wifi_id_960,9.43689570931383e-16
public_wifi_id_953,9.43689570931383e-16
public_wifi_id_952,9.43689570931383e-16
public_wifi_id_950,9.43689570931383e-16
public_wifi_id_946,9.43689570931383e-16
public_wifi_id_942,9.43689570931383e-16
public_wifi_id_935,9.43689570931383e-16
public_wifi_id_934,9.43689570931383e-16
public_wifi_id_933,9.43689570931383e-16
public_wifi_id_931,9.43689570931383e-16
public_wifi_id_930,9.43689570931383e-16
public_wifi_id_928,9.43689570931383e-16
public_wifi_id_927,9.43689570931383e-16
public_wifi_id_926,9.43689570931383e-16
public_wifi_id_925,9.43689570931383e-16
public_wifi_id_924,9.43689570931383e-16
public_wifi_id_923,9.43689570931383e-16
public_wifi_id_922,9.43689570931383e-16
public_wifi_id_919,9.43689570931383e-16
public_wifi_id_918,9.43689570931383e-16
public_wifi_id_916,9.43689570931383e-16
public_wifi_id_915,9.43689570931383e-16
public_wifi_id_914,9.43689570931383e-16
public_wifi_id_913,9.43689570931383e-16
public_wifi_id_912,9.43689570931383e-16
public_wifi_id_911,9.43689570931383e-16
public_wifi_id_910,9.43689570931383e-16
public_wifi_id_909,9.43689570931383e-16
public_wifi_id_908,9.43689570931383e-16
public_wifi_id_907,9.43689570931383e-16
public_wifi_id_906,9.43689570931383e-16
public_wifi_id_905,9.43689570931383e-16
public_wifi_id_904,9.43689570931383e-16
public_wifi_id_903,9.43689570931383e-16
public_wifi_id_902,9.43689570931383e-16
public_wifi_id_901,9.43689570931383e-16
public_wifi_id_899,9.43689570931383e-16
public_wifi_id_898,9.43689570931383e-16
public_wifi_id_897,9.43689570931383e-16
public_wifi_id_896,9.43689570931383e-16
public_wifi_id_895,9.43689570931383e-16
public_wifi_id_894,9.43689570931383e-16
public_wifi_id_893,9.43689570931383e-16
public_wifi_id_892,9.43689570931383e-16
public_wifi_id_891,9.43689570931383e-16
public_wifi_id_888,9.43689570931383e-16
public_wifi_id_887,9.43689570931383e-16
public_wifi_id_884,9.43689570931383e-16
public_wifi_id_883,9.43689570931383e-16
public_wifi_id_879,9.43689570931383e-16
public_wifi_id_878,9.43689570931383e-16
public_wifi_id_875,9.43689570931383e-16
public_wifi_id_873,9.43689570931383e-16
public_wifi_id_872,9.43689570931383e-16
public_wifi_id_870,9.43689570931383e-16
public_wifi_id_862,9.43689570931383e-16
public_wifi_id_861,9.43689570931383e-16
public_wifi_id_856,9.43689570931383e-16
public_wifi_id_855,9.43689570931383e-16
public_wifi_id_854,9.43689570931383e-16
public_wifi_id_853,9.43689570931383e-16
public_wifi_id_852,9.43689570931383e-16
public_wifi_id_851,9.43689570931383e-16
public_wifi_id_850,9.43689570931383e-16
public_wifi_id_849,9.43689570931383e-16
public_wifi_id_848,9.43689570931383e-16
public_wifi_id_847,9.43689570931383e-16
public_wifi_id_846,9.43689570931383e-16
public_wifi_id_845,9.43689570931383e-16
public_wifi_id_844,9.43689570931383e-16
public_wifi_id_842,9.43689570931383e-16
public_wifi_id_841,9.43689570931383e-16
public_wifi_id_840,9.43689570931383e-16
public_wifi_id_839,9.43689570931383e-16
public_wifi_id_838,9.43689570931383e-16
public_wifi_id_837,9.43689570931383e-16
public_wifi_id_836,9.43689570931383e-16
public_wifi_id_835,9.43689570931383e-16
public_wifi_id_834,9.43689570931383e-16
public_wifi_id_833,9.43689570931383e-16
public_wifi_id_832,9.43689570931383e-16
public_wifi_id_831,9.43689570931383e-16
public_wifi_id_830,9.43689570931383e-16
public_wifi_id_829,9.43689570931383e-16
public_wifi_id_827,9.43689570931383e-16
public_wifi_id_826,9.43689570931383e-16
public_wifi_id_825,9.43689570931383e-16
public_wifi_id_824,9.43689570931383e-16
public_wifi_id_823,9.43689570931383e-16
public_wifi_id_822,9.43689570931383e-16
public_wifi_id_821,9.43689570931383e-16
public_wifi_id_819,9.43689570931383e-16
public_wifi_id_818,9.43689570931383e-16
public_wifi_id_817,9.43689570931383e-16
public_wifi_id_816,9.43689570931383e-16
public_wifi_id_815,9.43689570931383e-16
public_wifi_id_814,9.43689570931383e-16
public_wifi_id_813,9.43689570931383e-16
public_wifi_id_812,9.43689570931383e-16
public_wifi_id_811,9.43689570931383e-16
public_wifi_id_810,9.43689570931383e-16
public_wifi_id_809,9.43689570931383e-16
public_wifi_id_808,9.43689570931383e-16
public_wifi_id_807,9.43689570931383e-16
public_wifi_id_806,9.43689570931383e-16
public_wifi_id_805,9.43689570931383e-16
public_wifi_id_804,9.43689570931383e-16
public_wifi_id_803,9.43689570931383e-16
public_wifi_id_802,9.43689570931383e-16
public_wifi_id_801,9.43689570931383e-16
public_wifi_id_800,9.43689570931383e-16
public_wifi_id_798,9.43689570931383e-16
public_wifi_id_797,9.43689570931383e-16
public_wifi_id_796,9.43689570931383e-16
public_wifi_id_795,9.43689570931383e-16
public_wifi_id_794,9.43689570931383e-16
public_wifi_id_793,9.43689570931383e-16
public_wifi_id_789,9.43689570931383e-16
public_wifi_id_787,9.43689570931383e-16
public_wifi_id_780,9.43689570931383e-16
public_wifi_id_779,9.43689570931383e-16
public_wifi_id_778,9.43689570931383e-16
public_wifi_id_777,9.43689570931383e-16
public_wifi_id_776,9.43689570931383e-16
public_wifi_id_775,9.43689570931383e-16
public_wifi_id_774,9.43689570931383e-16
public_wifi_id_773,9.43689570931383e-16
public_wifi_id_772,9.43689570931383e-16
public_wifi_id_771,9.43689570931383e-16
public_wifi_id_770,9.43689570931383e-16
public_wifi_id_769,9.43689570931383e-16
public_wifi_id_768,9.43689570931383e-16
public_wifi_id_767,9.43689570931383e-16
public_wifi_id_766,9.43689570931383e-16
public_wifi_id_765,9.43689570931383e-16
public_wifi_id_764,9.43689570931383e-16
public_wifi_id_763,9.43689570931383e-16
public_wifi_id_762,9.43689570931383e-16
public_wifi_id_761,9.43689570931383e-16
public_wifi_id_760,9.43689570931383e-16
public_wifi_id_759,9.43689570931383e-16
public_wifi_id_758,9.43689570931383e-16
public_wifi_id_752,9.43689570931383e-16
public_wifi_id_751,9.43689570931383e-16
public_wifi_id_749,9.43689570931383e-16
public_wifi_id_748,9.43689570931383e-16
public_wifi_id_747,9.43689570931383e-16
public_wifi_id_742,9.43689570931383e-16
public_wifi_id_738,9.43689570931383e-16
public_wifi_id_736,9.43689570931383e-16
public_wifi_id_735,9.43689570931383e-16
public_wifi_id_734,9.43689570931383e-16
public_wifi_id_733,9.43689570931383e-16
public_wifi_id_732,9.43689570931383e-16
public_wifi_id_731,9.43689570931383e-16
public_wifi_id_730,9.43689570931383e-16
public_wifi_id_729,9.43689570931383e-16
public_wifi_id_728,9.43689570931383e-16
public_wifi_id_723,9.43689570931383e-16
public_wifi_id_718,9.43689570931383e-16
public_wifi_id_717,9.43689570931383e-16
public_wifi_id_716,9.43689570931383e-16
public_wifi_id_715,9.43689570931383e-16
public_wifi_id_714,9.43689570931383e-16
public_wifi_id_713,9.43689570931383e-16
public_wifi_id_710,9.43689570931383e-16
public_wifi_id_708,9.43689570931383e-16
public_wifi_id_707,9.43689570931383e-16
public_wifi_id_706,9.43689570931383e-16
public_wifi_id_705,9.43689570931383e-16
public_wifi_id_704,9.43689570931383e-16
public_wifi_id_703,9.43689570931383e-16
public_wifi_id_702,9.43689570931383e-16
public_wifi_id_701,9.43689570931383e-16
public_wifi_id_700,9.43689570931383e-16
public_wifi_id_699,9.43689570931383e-16
public_wifi_id_698,9.43689570931383e-16
public_wifi_id_695,9.43689570931383e-16
public_wifi_id_678,9.43689570931383e-16
public_wifi_id_677,9.43689570931383e-16
public_wifi_id_674,9.43689570931383e-16
public_wifi_id_664,9.43689570931383e-16
public_wifi_id_663,9.43689570931383e-16
public_wifi_id_662,9.43689570931383e-16
public_wifi_id_661,9.43689570931383e-16
public_wifi_id_660,9.43689570931383e-16
public_wifi_id_659,9.43689570931383e-16
public_wifi_id_658,9.43689570931383e-16
public_wifi_id_657,9.43689570931383e-16
public_wifi_id_656,9.43689570931383e-16
public_wifi_id_655,9.43689570931383e-16
public_wifi_id_654,9.43689570931383e-16
public_wifi_id_653,9.43689570931383e-16
public_wifi_id_652,9.43689570931383e-16
public_wifi_id_651,9.43689570931383e-16
public_wifi_id_648,9.43689570931383e-16
public_wifi_id_647,9.43689570931383e-16
public_wifi_id_645,9.43689570931383e-16
public_wifi_id_644,9.43689570931383e-16
public_wifi_id_643,9.43689570931383e-16
public_wifi_id_642,9.43689570931383e-16
public_wifi_id_641,9.43689570931383e-16
public_wifi_id_640,9.43689570931383e-16
public_wifi_id_637,9.43689570931383e-16
public_wifi_id_636,9.43689570931383e-16
public_wifi_id_635,9.43689570931383e-16
public_wifi_id_634,9.43689570931383e-16
public_wifi_id_632,9.43689570931383e-16
public_wifi_id_628,9.43689570931383e-16
public_wifi_id_624,9.43689570931383e-16
public_wifi_id_621,9.43689570931383e-16
public_wifi_id_616,9.43689570931383e-16
public_wifi_id_608,9.43689570931383e-16
public_wifi_id_605,9.43689570931383e-16
public_wifi_id_600,9.43689570931383e-16
public_wifi_id_595,9.43689570931383e-16
public_wifi_id_585,9.43689570931383e-16
public_wifi_id_576,9.43689570931383e-16
public_wifi_id_572,9.43689570931383e-16
public_wifi_id_567,9.43689570931383e-16
public_wifi_id_562,9.43689570931383e-16
public_wifi_id_556,9.43689570931383e-16
public_wifi_id_555,9.43689570931383e-16
public_wifi_id_554,9.43689570931383e-16
public_wifi_id_551,9.43689570931383e-16
public_wifi_id_550,9.43689570931383e-16
public_wifi_id_549,9.43689570931383e-16
public_wifi_id_548,9.43689570931383e-16
public_wifi_id_547,9.43689570931383e-16
public_wifi_id_546,9.43689570931383e-16
public_wifi_id_544,9.43689570931383e-16
public_wifi_id_543,9.43689570931383e-16
public_wifi_id_541,9.43689570931383e-16
public_wifi_id_540,9.43689570931383e-16
public_wifi_id_537,9.43689570931383e-16
public_wifi_id_536,9.43689570931383e-16
public_wifi_id_535,9.43689570931383e-16
public_wifi_id_534,9.43689570931383e-16
public_wifi_id_533,9.43689570931383e-16
public_wifi_id_531,9.43689570931383e-16
public_wifi_id_530,9.43689570931383e-16
public_wifi_id_529,9.43689570931383e-16
public_wifi_id_528,9.43689570931383e-16
public_wifi_id_527,9.43689570931383e-16
public_wifi_id_525,9.43689570931383e-16
public_wifi_id_523,9.43689570931383e-16
public_wifi_id_522,9.43689570931383e-16
public_wifi_id_512,9.43689570931383e-16
public_wifi_id_510,9.43689570931383e-16
public_wifi_id_509,9.43689570931383e-16
public_wifi_id_507,9.43689570931383e-16
public_wifi_id_506,9.43689570931383e-16
public_wifi_id_505,9.43689570931383e-16
public_wifi_id_504,9.43689570931383e-16
public_wifi_id_503,9.43689570931383e-16
public_wifi_id_502,9.43689570931383e-16
public_wifi_id_500,9.43689570931383e-16
public_wifi_id_499,9.43689570931383e-16
public_wifi_id_498,9.43689570931383e-16
public_wifi_id_496,9.43689570931383e-16
public_wifi_id_495,9.43689570931383e-16
public_wifi_id_493,9.43689570931383e-16
public_wifi_id_492,9.43689570931383e-16
public_wifi_id_491,9.43689570931383e-16
public_wifi_id_489,9.43689570931383e-16
public_wifi_id_484,9.43689570931383e-16
public_wifi_id_477,9.43689570931383e-16
public_wifi_id_466,9.43689570931383e-16
public_wifi_id_465,9.43689570931383e-16
public_wifi_id_462,9.43689570931383e-16
public_wifi_id_461,9.43689570931383e-16
public_wifi_id_460,9.43689570931383e-16
public_wifi_id_456,9.43689570931383e-16
public_wifi_id_455,9.43689570931383e-16
public_wifi_id_452,9.43689570931383e-16
public_wifi_id_446,9.43689570931383e-16
public_wifi_id_445,9.43689570931383e-16
public_wifi_id_444,9.43689570931383e-16
public_wifi_id_443,9.43689570931383e-16
public_wifi_id_442,9.43689570931383e-16
public_wifi_id_440,9.43689570931383e-16
public_wifi_id_439,9.43689570931383e-16
public_wifi_id_436,9.43689570931383e-16
public_wifi_id_435,9.43689570931383e-16
public_wifi_id_432,9.43689570931383e-16
public_wifi_id_431,9.43689570931383e-16
public_wifi_id_429,9.43689570931383e-16
public_wifi_id_428,9.43689570931383e-16
public_wifi_id_426,9.43689570931383e-16
public_wifi_id_425,9.43689570931383e-16
public_wifi_id_424,9.43689570931383e-16
public_wifi_id_423,9.43689570931383e-16
public_wifi_id_421,9.43689570931383e-16
public_wifi_id_420,9.43689570931383e-16
public_wifi_id_417,9.43689570931383e-16
public_wifi_id_414,9.43689570931383e-16
public_wifi_id_412,9.43689570931383e-16
public_wifi_id_407,9.43689570931383e-16
public_wifi_id_402,9.43689570931383e-16
public_wifi_id_401,9.43689570931383e-16
public_wifi_id_400,9.43689570931383e-16
public_wifi_id_399,9.43689570931383e-16
public_wifi_id_398,9.43689570931383e-16
public_wifi_id_392,9.43689570931383e-16
public_wifi_id_389,9.43689570931383e-16
public_wifi_id_388,9.43689570931383e-16
public_wifi_id_383,9.43689570931383e-16
public_wifi_id_360,9.43689570931383e-16
public_wifi_id_352,9.43689570931383e-16
public_wifi_id_350,9.43689570931383e-16
public_wifi_id_349,9.43689570931383e-16
public_wifi_id_348,9.43689570931383e-16
public_wifi_id_342,9.43689570931383e-16
public_wifi_id_340,9.43689570931383e-16
public_wifi_id_310,9.43689570931383e-16
public_wifi_id_308,9.43689570931383e-16
public_wifi_id_307,9.43689570931383e-16
public_wifi_id_305,9.43689570931383e-16
public_wifi_id_302,9.43689570931383e-16
public_wifi_id_301,9.43689570931383e-16
public_wifi_id_300,9.43689570931383e-16
public_wifi_id_299,9.43689570931383e-16
public_wifi_id_298,9.43689570931383e-16
public_wifi_id_297,9.43689570931383e-16
public_wifi_id_296,9.43689570931383e-16
public_wifi_id_294,9.43689570931383e-16
public_wifi_id_290,9.43689570931383e-16
public_wifi_id_289,9.43689570931383e-16
public_wifi_id_286,9.43689570931383e-16
public_wifi_id_285,9.43689570931383e-16
public_wifi_id_284,9.43689570931383e-16
public_wifi_id_283,9.43689570931383e-16
public_wifi_id_282,9.43689570931383e-16
public_wifi_id_279,9.43689570931383e-16
public_wifi_id_248,9.43689570931383e-16
public_wifi_id_247,9.43689570931383e-16
public_wifi_id_245,9.43689570931383e-16
public_wifi_id_236,9.43689570931383e-16
public_wifi_id_234,9.43689570931383e-16
public_wifi_id_233,9.43689570931383e-16
public_wifi_id_226,9.43689570931383e-16
public_wifi_id_224,9.43689570931383e-16
public_wifi_id_212,9.43689570931383e-16
public_wifi_id_211,9.43689570931383e-16
public_wifi_id_210,9.43689570931383e-16
public_wifi_id_209,9.43689570931383e-16
public_wifi_id_208,9.43689570931383e-16
public_wifi_id_207,9.43689570931383e-16
public_wifi_id_204,9.43689570931383e-16
public_wifi_id_203,9.43689570931383e-16
public_wifi_id_202,9.43689570931383e-16
public_wifi_id_201,9.43689570931383e-16
public_wifi_id_200,9.43689570931383e-16
public_wifi_id_199,9.43689570931383e-16
public_wifi_id_197,9.43689570931383e-16
public_wifi_id_196,9.43689570931383e-16
public_wifi_id_195,9.43689570931383e-16
public_wifi_id_192,9.43689570931383e-16
public_wifi_id_191,9.43689570931383e-16
public_wifi_id_188,9.43689570931383e-16
public_wifi_id_187,9.43689570931383e-16
public_wifi_id_186,9.43689570931383e-16
public_wifi_id_185,9.43689570931383e-16
public_wifi_id_184,9.43689570931383e-16
public_wifi_id_182,9.43689570931383e-16
public_wifi_id_177,9.43689570931383e-16
public_wifi_id_176,9.43689570931383e-16
public_wifi_id_175,9.43689570931383e-16
public_wifi_id_172,9.43689570931383e-16
public_wifi_id_170,9.43689570931383e-16
public_wifi_id_169,9.43689570931383e-16
public_wifi_id_167,9.43689570931383e-16
public_wifi_id_163,9.43689570931383e-16
public_wifi_id_158,9.43689570931383e-16
public_wifi_id_156,9.43689570931383e-16
public_wifi_id_153,9.43689570931383e-16
public_wifi_id_149,9.43689570931383e-16
public_wifi_id_148,9.43689570931383e-16
public_wifi_id_143,9.43689570931383e-16
public_wifi_id_142,9.43689570931383e-16
public_wifi_id_139,9.43689570931383e-16
public_wifi_id_138,9.43689570931383e-16
public_wifi_id_133,9.43689570931383e-16
public_wifi_id_131,9.43689570931383e-16
public_wifi_id_130,9.43689570931383e-16
public_wifi_id_129,9.43689570931383e-16
public_wifi_id_128,9.43689570931383e-16
public_wifi_id_127,9.43689570931383e-16
public_wifi_id_125,9.43689570931383e-16
public_wifi_id_124,9.43689570931383e-16
public_wifi_id_123,9.43689570931383e-16
public_wifi_id_122,9.43689570931383e-16
public_wifi_id_121,9.43689570931383e-16
public_wifi_id_119,9.43689570931383e-16
public_wifi_id_116,9.43689570931383e-16
public_wifi_id_115,9.43689570931383e-16
public_wifi_id_114,9.43689570931383e-16
public_wifi_id_113,9.43689570931383e-16
public_wifi_id_112,9.43689570931383e-16
public_wifi_id_111,9.43689570931383e-16
public_wifi_id_110,9.43689570931383e-16
public_wifi_id_109,9.43689570931383e-16
public_wifi_id_108,9.43689570931383e-16
public_wifi_id_106,9.43689570931383e-16
public_wifi_id_105,9.43689570931383e-16
public_wifi_id_102,9.43689570931383e-16
public_wifi_id_101,9.43689570931383e-16
public_wifi_id_96,9.43689570931383e-16
public_wifi_id_95,9.43689570931383e-16
public_wifi_id_94,9.43689570931383e-16
public_wifi_id_93,9.43689570931383e-16
public_wifi_id_91,9.43689570931383e-16
public_wifi_id_90,9.43689570931383e-16
public_wifi_id_88,9.43689570931383e-16
public_wifi_id_87,9.43689570931383e-16
public_wifi_id_82,9.43689570931383e-16
public_wifi_id_81,9.43689570931383e-16
public_wifi_id_78,9.43689570931383e-16
public_wifi_id_75,9.43689570931383e-16
public_wifi_id_74,9.43689570931383e-16
public_wifi_id_70,9.43689570931383e-16
public_wifi_id_67,9.43689570931383e-16
public_wifi_id_63,9.43689570931383e-16
public_wifi_id_61,9.43689570931383e-16
public_wifi_id_60,9.43689570931383e-16
public_wifi_id_59,9.43689570931383e-16
public_wifi_id_58,9.43689570931383e-16
public_wifi_id_57,9.43689570931383e-16
public_wifi_id_51,9.43689570931383e-16
public_wifi_id_50,9.43689570931383e-16
public_wifi_id_49,9.43689570931383e-16
public_wifi_id_33,9.43689570931383e-16
public_wifi_id_31,9.43689570931383e-16
public_wifi_id_21,9.43689570931383e-16
public_wifi_id_20,9.43689570931383e-16
public_wifi_id_17,9.43689570931383e-16
public_wifi_id_16,9.43689570931383e-16
public_wifi_id_15,9.43689570931383e-16
public_wifi_id_9,9.43689570931383e-16
public_wifi_id_7,9.43689570931383e-16
public_wifi_id_6,9.43689570931383e-16
public_wifi_id_4,9.43689570931383e-16
public_wifi_id_1,9.43689570931383e-16
property_values_Commune_15,9.43689570931383e-16
property_values_Commune_14,9.43689570931383e-16
property_values_Commune_13,9.43689570931383e-16
property_values_Commune_12,9.43689570931383e-16
property_values_Commune_11,9.43689570931383e-16
property_values_Commune_10,9.43689570931383e-16
property_values_Commune_9,9.43689570931383e-16
property_values_Commune_8,9.43689570931383e-16
property_values_Commune_7,9.43689570931383e-16
property_values_Commune_6,9.43689570931383e-16
property_values_Commune_5,9.43689570931383e-16
property_values_Commune_4,9.43689570931383e-16
property_values_Commune_3,9.43689570931383e-16
property_values_Commune_2,9.43689570931383e-16
property_values_Commune_1,9.43689570931383e-16
health_comune_15.0,9.43689570931383e-16
health_comune_14.0,9.43689570931383e-16
health_comune_13.0,9.43689570931383e-16
health_comune_12.0,9.43689570931383e-16
health_comune_11.0,9.43689570931383e-16
health_comune_10.0,9.43689570931383e-16
health_comune_9.0,9.43689570931383e-16
health_comune_8.0,9.43689570931383e-16
health_comune_7.0,9.43689570931383e-16
health_comune_6.0,9.43689570931383e-16
health_comune_5.0,9.43689570931383e-16
health_comune_4.0,9.43689570931383e-16
health_comune_3.0,9.43689570931383e-16
health_comune_2.0,9.43689570931383e-16
health_comune_1.0,9.43689570931383e-16
health_object_private health center,9.43689570931383e-16
health_object_pharmacy,9.43689570931383e-16
health_object_neighborhood medical center,9.43689570931383e-16
health_object_hospital,9.43689570931383e-16
health_object_community health and action center,9.43689570931383e-16
Uninhabited Quantile_9,9.43689570931383e-16
Uninhabited Quantile_7,9.43689570931383e-16
Uninhabited Quantile_4,9.43689570931383e-16
Regular Quantile_2,9.43689570931383e-16
Regular Quantile_1,9.43689570931383e-16
Regular Quantile_0,9.43689570931383e-16
Owner Quantile_9,9.43689570931383e-16
Owner Quantile_4,9.43689570931383e-16
Owner Quantile_3,9.43689570931383e-16
Owner Quantile_2,9.43689570931383e-16
Owner Quantile_1,9.43689570931383e-16
Owner Quantile_0,9.43689570931383e-16
Education Quantile_9,9.43689570931383e-16
Education Quantile_8,9.43689570931383e-16
Education Quantile_7,9.43689570931383e-16
Education Quantile_6,9.43689570931383e-16
Education Quantile_5,9.43689570931383e-16
Education Quantile_4,9.43689570931383e-16
Education Quantile_3,9.43689570931383e-16
Immigration Quantile_9,9.43689570931383e-16
Immigration Quantile_8,9.43689570931383e-16
Immigration Quantile_4,9.43689570931383e-16
Immigration Quantile_3,9.43689570931383e-16
Immigration Quantile_2,9.43689570931383e-16
Immigration Quantile_1,9.43689570931383e-16
Immigration Quantile_0,9.43689570931383e-16
Rent Quantile_9,9.43689570931383e-16
Rent Quantile_8,9.43689570931383e-16
Rent Quantile_7,9.43689570931383e-16
Rent Quantile_5,9.43689570931383e-16
Rent Quantile_1,9.43689570931383e-16
Cellular Quantile_9,9.43689570931383e-16
Cellular Quantile_8,9.43689570931383e-16
Cellular Quantile_7,9.43689570931383e-16
Cellular Quantile_6,9.43689570931383e-16
Cellular Quantile_5,9.43689570931383e-16
Cellular Quantile_3,9.43689570931383e-16
Computer Quantile_9,9.43689570931383e-16
Computer Quantile_8,9.43689570931383e-16
Computer Quantile_7,9.43689570931383e-16
Computer Quantile_6,9.43689570931383e-16
Computer Quantile_5,9.43689570931383e-16
Computer Quantile_0,9.43689570931383e-16
state_name_Capital Federal,9.43689570931383e-16
state_name_Buenos Aires Interior,9.43689570931383e-16
state_name_Buenos Aires Costa AtlÃ¡ntica,9.43689570931383e-16
state_name_Bs.As. G.B.A. Zona Sur,9.43689570931383e-16
state_name_Bs.As. G.B.A. Zona Oeste,9.43689570931383e-16
state_name_Bs.As. G.B.A. Zona Norte,9.43689570931383e-16
place_name_Zona Portuaria,9.43689570931383e-16
place_name_Villanueva,9.43689570931383e-16
place_name_Villa del Parque,9.43689570931383e-16
place_name_Villa Urquiza,9.43689570931383e-16
place_name_Villa Udaondo,9.43689570931383e-16
place_name_Villa Soldati,9.43689570931383e-16
place_name_Villa Sarmiento,9.43689570931383e-16
place_name_Villa Santa Rita,9.43689570931383e-16
place_name_Villa Riachuelo,9.43689570931383e-16
place_name_Villa Real,9.43689570931383e-16
place_name_Villa Raffo,9.43689570931383e-16
place_name_Villa PueyrredÃ³n,9.43689570931383e-16
place_name_Villa Ortuzar,9.43689570931383e-16
place_name_Villa Martelli,9.43689570931383e-16
place_name_Villa Lynch,9.43689570931383e-16
place_name_Villa Luro,9.43689570931383e-16
place_name_Villa Gesell,9.43689570931383e-16
place_name_Villa General Mitre,9.43689570931383e-16
place_name_Villa Devoto,9.43689570931383e-16
place_name_Villa Crespo,9.43689570931383e-16
place_name_Villa Ballester,9.43689570931383e-16
place_name_Villa Ariza,9.43689570931383e-16
place_name_Villa Adelina,9.43689570931383e-16
place_name_Victoria,9.43689570931383e-16
place_name_Vicente LÃ³pez,9.43689570931383e-16
place_name_Versalles,9.43689570931383e-16
place_name_Velez Sarsfield,9.43689570931383e-16
place_name_Valle Claro,9.43689570931383e-16
place_name_Tribunales,9.43689570931383e-16
place_name_Tres de Febrero,9.43689570931383e-16
place_name_Tornquist,9.43689570931383e-16
place_name_Tigre,9.43689570931383e-16
place_name_Tapiales,9.43689570931383e-16
place_name_SÃ¡enz PeÃ±a,9.43689570931383e-16
place_name_Solares del Talar,9.43689570931383e-16
place_name_Solar del Bosque,9.43689570931383e-16
place_name_Septiembre,9.43689570931383e-16
place_name_Santos Lugares,9.43689570931383e-16
place_name_Santa Barbara Barrio Cerrado,9.43689570931383e-16
place_name_San Vicente,9.43689570931383e-16
place_name_San Telmo,9.43689570931383e-16
place_name_San NicolÃ¡s,9.43689570931383e-16
place_name_San Miguel,9.43689570931383e-16
place_name_San MartÃ­n,9.43689570931383e-16
place_name_San Lorenzo,9.43689570931383e-16
place_name_San Justo,9.43689570931383e-16
place_name_San Isidro,9.43689570931383e-16
place_name_San Fernando,9.43689570931383e-16
place_name_San Cristobal,9.43689570931383e-16
place_name_San Antonio De Padua,9.43689570931383e-16
place_name_Saavedra,9.43689570931383e-16
place_name_Roque PÃ©rez,9.43689570931383e-16
place_name_RincÃ³n de la Costa,9.43689570931383e-16
place_name_RincÃ³n de Milberg,9.43689570931383e-16
place_name_Retiro,9.43689570931383e-16
place_name_Remedios de Escalada,9.43689570931383e-16
place_name_Recoleta,9.43689570931383e-16
place_name_Ranelagh,9.43689570931383e-16
place_name_Ramos MejÃ­a,9.43689570931383e-16
place_name_Quilmes,9.43689570931383e-16
place_name_Puerto Madero,9.43689570931383e-16
place_name_Pompeya,9.43689570931383e-16
place_name_Pinamar,9.43689570931383e-16
place_name_Pilar,9.43689570931383e-16
place_name_Paternal,9.43689570931383e-16
place_name_Parque Patricios,9.43689570931383e-16
place_name_Parque Leloir,9.43689570931383e-16
place_name_Parque Chas,9.43689570931383e-16
place_name_Parque Chacabuco,9.43689570931383e-16
place_name_Parque Centenario,9.43689570931383e-16
place_name_Parque Avellaneda,9.43689570931383e-16
place_name_Palermo Viejo,9.43689570931383e-16
place_name_Palermo Soho,9.43689570931383e-16
place_name_Palermo Hollywood,9.43689570931383e-16
place_name_Palermo Chico,9.43689570931383e-16
place_name_Palermo,9.43689570931383e-16
place_name_Once,9.43689570931383e-16
place_name_Olivos,9.43689570931383e-16
place_name_NuÃ±ez,9.43689570931383e-16
place_name_Nordelta,9.43689570931383e-16
place_name_Norberto de La Riestra,9.43689570931383e-16
place_name_Munro,9.43689570931383e-16
place_name_MorÃ³n,9.43689570931383e-16
place_name_Moreno,9.43689570931383e-16
place_name_Monte Chingolo,9.43689570931383e-16
place_name_Monte Castro,9.43689570931383e-16
place_name_Monserrat,9.43689570931383e-16
place_name_Miramar,9.43689570931383e-16
place_name_Merlo,9.43689570931383e-16
place_name_Maschwitz,9.43689570931383e-16
place_name_MartÃ­nez,9.43689570931383e-16
place_name_Mar del Plata,9.43689570931383e-16
place_name_Malvinas Argentinas,9.43689570931383e-16
place_name_LujÃ¡n,9.43689570931383e-16
place_name_Los Tres Coniles,9.43689570931383e-16
place_name_Los Robles de Maschwitz,9.43689570931383e-16
place_name_Lomas del Mirador,9.43689570931383e-16
place_name_Lomas de Zamora,9.43689570931383e-16
place_name_Lobos,9.43689570931383e-16
place_name_Liniers,9.43689570931383e-16
place_name_Las Flores,9.43689570931383e-16
place_name_Las CaÃ±itas,9.43689570931383e-16
place_name_LanÃºs Oeste,9.43689570931383e-16
place_name_LanÃºs Este,9.43689570931383e-16
place_name_LanÃºs,9.43689570931383e-16
place_name_Laguna del Sol,9.43689570931383e-16
place_name_La Tablada,9.43689570931383e-16
place_name_La Plata,9.43689570931383e-16
place_name_La Matanza,9.43689570931383e-16
place_name_La Comarca,9.43689570931383e-16
place_name_Jose Marmol,9.43689570931383e-16
place_name_ItuzaingÃ³,9.43689570931383e-16
place_name_Islas,9.43689570931383e-16
place_name_Haras MarÃ­a Victoria,9.43689570931383e-16
place_name_Haras MarÃ­a Elena,9.43689570931383e-16
place_name_Guillermo Hudson,9.43689570931383e-16
place_name_Guernica,9.43689570931383e-16
place_name_General San MartÃ­n,9.43689570931383e-16
place_name_General Pacheco,9.43689570931383e-16
place_name_Florida Oeste,9.43689570931383e-16
place_name_Florida,9.43689570931383e-16
place_name_Floresta,9.43689570931383e-16
place_name_Flores,9.43689570931383e-16
place_name_Fincas de Iraola,9.43689570931383e-16
place_name_Ezeiza,9.43689570931383e-16
place_name_Esteban EcheverrÃ­a,9.43689570931383e-16
place_name_Escobar,9.43689570931383e-16
place_name_El Talar de Pacheco,9.43689570931383e-16
place_name_El Talar,9.43689570931383e-16
place_name_El Palomar,9.43689570931383e-16
place_name_Don Torcuato,9.43689570931383e-16
place_name_Distrito Audiovisual,9.43689570931383e-16
place_name_Delta,9.43689570931383e-16
place_name_Costa del Este,9.43689570931383e-16
place_name_Coronel SuÃ¡rez,9.43689570931383e-16
place_name_Coronel Rosales,9.43689570931383e-16
place_name_ConstituciÃ³n,9.43689570931383e-16
place_name_Congreso,9.43689570931383e-16
place_name_Colegiales,9.43689570931383e-16
place_name_Coghlan,9.43689570931383e-16
place_name_Ciudadela,9.43689570931383e-16
place_name_Chacarita,9.43689570931383e-16
place_name_Centro / Microcentro,9.43689570931383e-16
place_name_Catalinas,9.43689570931383e-16
place_name_Castelar,9.43689570931383e-16
place_name_Caseros,9.43689570931383e-16
place_name_Carapachay,9.43689570931383e-16
place_name_Capital Federal,9.43689570931383e-16
place_name_Canning,9.43689570931383e-16
place_name_Campos de Ãlvarez,9.43689570931383e-16
place_name_Campana,9.43689570931383e-16
place_name_Caballito,9.43689570931383e-16
place_name_Buenos Aires Costa AtlÃ¡ntica,9.43689570931383e-16
place_name_Bs.As. G.B.A. Zona Oeste,9.43689570931383e-16
place_name_Bs.As. G.B.A. Zona Norte,9.43689570931383e-16
place_name_Boedo,9.43689570931383e-16
place_name_Boca,9.43689570931383e-16
place_name_Berazategui,9.43689570931383e-16
place_name_Benavidez,9.43689570931383e-16
place_name_Bella Vista,9.43689570931383e-16
place_name_Belgrano,9.43689570931383e-16
place_name_Barrio San Isidro Labrador,9.43689570931383e-16
place_name_Barrio Parque General San Martin,9.43689570931383e-16
place_name_Barrio Parque Almirante IrÃ­zar,9.43689570931383e-16
place_name_Barrio Norte,9.43689570931383e-16
place_name_Barrio Ceibos,9.43689570931383e-16
place_name_Barracas,9.43689570931383e-16
place_name_Balvanera,9.43689570931383e-16
place_name_Azul,9.43689570931383e-16
place_name_Avellaneda,9.43689570931383e-16
place_name_Almagro,9.43689570931383e-16
place_name_AgronomÃ­a,9.43689570931383e-16
place_name_AdroguÃ©,9.43689570931383e-16
place_name_Acassuso,9.43689570931383e-16
place_name_Abasto,9.43689570931383e-16
operation_sell,9.43689570931383e-16
Commune,8.881784197001252e-16
Uninhabited Quantile_1,4.440892098500626e-16
Regular Quantile_8,4.440892098500626e-16
Uninhabited Quantile_2,0.47910200910200895
"public_wifi_name_Metrobus Sur Roca, EstaciÃ³n Piedra Buena",0.23346708846708852
public_wifi_distance,0.2062905612905619
public_wifi_id_863,0.19431531431531435
property_type_house,0.150897805897806
transportation_name_ANA DÃAZ,0.1394988344988346
transportation_id_14,0.13343822843822872
property_type_apartment,0.12743534243534294
Education Quantile_1,0.11877973877973902
Uninhabited Percent,0.10827228327228378
public_wifi_name_CESAC NÂº 29,0.10476190476190494
public_wifi_id_1252,0.10476190476190494
sports_distance,0.08761571761571796
Immigration Quantile_6,0.06973692973692969
Uninhabited Quantile_8,0.06666666666666687
Regular Quantile_9,0.06666666666666687
Rent Quantile_6,0.06666666666666687
health_distance,0.06242572242572275
Education Percent,0.06037351537351565
property_values_m2,0.05090446590446618
Cellular Percent,0.034861249861250165
Uninhabited Quantile_0,0.03333333333333377
Regular Quantile_5,0.03333333333333377
Rent Quantile_4,0.03333333333333377
Cellular Quantile_4,0.03333333333333377
Computer Quantile_3,0.03333333333333377
Uninhabited Quantile_6,0.03333333333333366
Uninhabited Quantile_3,0.03333333333333366
Cellular Quantile_2,0.03333333333333366
Computer Quantile_4,0.03333333333333366
place_name_Villa Lugano,0.03333333333333366
place_name_Mataderos,0.03333333333333366
property_type_store,0.03333333333333366
transportation_distance,0.022458652458652528
AREA,0.019308469308469967
property_type_PH,0.0176469826469825
property_values_Value in US Dollars,0.01622266622266655
sports_object_skate park,0.015369445369445733
sports_name_Skate Park Lugano,0.009813889813890198
sports_object_stadium,0.009813889813890198
sports_name_Autodromo Oscar y Juan Galvez,0.0046856846856850876
transportation_name_GENERAL SAVIO,0.0
transportation_name_CENTRO CIVICO LUGANO,0.0
transportation_id_13,0.0
transportation_id_9,0.0
public_wifi_name_El Progreso,0.0
public_wifi_name_Centro Cultural Saladillo,0.0
public_wifi_id_351,0.0
public_wifi_id_69,0.0
Uninhabited Quantile_5,0.0
Regular Quantile_7,0.0
Regular Quantile_6,0.0
Regular Quantile_4,0.0
Regular Quantile_3,0.0
Owner Quantile_8,0.0
Owner Quantile_7,0.0
Owner Quantile_6,0.0
Owner Quantile_5,0.0
Education Quantile_2,0.0
Education Quantile_0,0.0
Immigration Quantile_7,0.0
Immigration Quantile_5,0.0
Rent Quantile_3,0.0
Rent Quantile_2,0.0
Rent Quantile_0,0.0
Cellular Quantile_1,0.0
Cellular Quantile_0,0.0
Computer Quantile_2,0.0
Computer Quantile_1,0.0
property_values_distance,0.0
property_values_Value of m2 (US Dollars),0.0
Regular Percent,0.0
Owner Percent,0.0
Immigration Percent,0.0
Rent Percent,0.0
Computer Percent,0.0
